filename,relative_path,class_id,class_name
class_0_00575.jpg,Class_0/class_0_00575.jpg,0,No Oil Spill
class_0_01701.jpg,Class_0/class_0_01701.jpg,0,No Oil Spill
class_0_02253.jpg,Class_0/class_0_02253.jpg,0,No Oil Spill
class_0_01585.jpg,Class_0/class_0_01585.jpg,0,No Oil Spill
class_1_00184.jpg,Class_1/class_1_00184.jpg,1,Oil Spill
class_0_01765.jpg,Class_0/class_0_01765.jpg,0,No Oil Spill
class_0_03440.jpg,Class_0/class_0_03440.jpg,0,No Oil Spill
class_1_00380.jpg,Class_1/class_1_00380.jpg,1,Oil Spill
class_1_00932.jpg,Class_1/class_1_00932.jpg,1,Oil Spill
class_1_00625.jpg,Class_1/class_1_00625.jpg,1,Oil Spill
class_0_03575.jpg,Class_0/class_0_03575.jpg,0,No Oil Spill
class_0_01062.jpg,Class_0/class_0_01062.jpg,0,No Oil Spill
class_0_02766.jpg,Class_0/class_0_02766.jpg,0,No Oil Spill
class_0_00142.jpg,Class_0/class_0_00142.jpg,0,No Oil Spill
class_0_03341.jpg,Class_0/class_0_03341.jpg,0,No Oil Spill
class_0_02547.jpg,Class_0/class_0_02547.jpg,0,No Oil Spill
class_0_00299.jpg,Class_0/class_0_00299.jpg,0,No Oil Spill
class_1_00920.jpg,Class_1/class_1_00920.jpg,1,Oil Spill
class_0_02095.jpg,Class_0/class_0_02095.jpg,0,No Oil Spill
class_0_02242.jpg,Class_0/class_0_02242.jpg,0,No Oil Spill
class_1_01735.jpg,Class_1/class_1_01735.jpg,1,Oil Spill
class_0_03272.jpg,Class_0/class_0_03272.jpg,0,No Oil Spill
class_0_02965.jpg,Class_0/class_0_02965.jpg,0,No Oil Spill
class_0_02524.jpg,Class_0/class_0_02524.jpg,0,No Oil Spill
class_1_00260.jpg,Class_1/class_1_00260.jpg,1,Oil Spill
class_0_03538.jpg,Class_0/class_0_03538.jpg,0,No Oil Spill
class_1_01154.jpg,Class_1/class_1_01154.jpg,1,Oil Spill
class_1_00018.jpg,Class_1/class_1_00018.jpg,1,Oil Spill
class_0_01211.jpg,Class_0/class_0_01211.jpg,0,No Oil Spill
class_0_00114.jpg,Class_0/class_0_00114.jpg,0,No Oil Spill
class_0_02723.jpg,Class_0/class_0_02723.jpg,0,No Oil Spill
class_1_00607.jpg,Class_1/class_1_00607.jpg,1,Oil Spill
class_0_03024.jpg,Class_0/class_0_03024.jpg,0,No Oil Spill
class_1_00016.jpg,Class_1/class_1_00016.jpg,1,Oil Spill
class_0_02415.jpg,Class_0/class_0_02415.jpg,0,No Oil Spill
class_0_00024.jpg,Class_0/class_0_00024.jpg,0,No Oil Spill
class_0_00242.jpg,Class_0/class_0_00242.jpg,0,No Oil Spill
class_0_03629.jpg,Class_0/class_0_03629.jpg,0,No Oil Spill
class_0_00154.jpg,Class_0/class_0_00154.jpg,0,No Oil Spill
class_0_01484.jpg,Class_0/class_0_01484.jpg,0,No Oil Spill
class_0_01744.jpg,Class_0/class_0_01744.jpg,0,No Oil Spill
class_0_02681.jpg,Class_0/class_0_02681.jpg,0,No Oil Spill
class_0_00337.jpg,Class_0/class_0_00337.jpg,0,No Oil Spill
class_1_00669.jpg,Class_1/class_1_00669.jpg,1,Oil Spill
class_0_00822.jpg,Class_0/class_0_00822.jpg,0,No Oil Spill
class_0_02570.jpg,Class_0/class_0_02570.jpg,0,No Oil Spill
class_0_02767.jpg,Class_0/class_0_02767.jpg,0,No Oil Spill
class_1_00441.jpg,Class_1/class_1_00441.jpg,1,Oil Spill
class_0_02430.jpg,Class_0/class_0_02430.jpg,0,No Oil Spill
class_0_01215.jpg,Class_0/class_0_01215.jpg,0,No Oil Spill
class_1_00666.jpg,Class_1/class_1_00666.jpg,1,Oil Spill
class_0_01943.jpg,Class_0/class_0_01943.jpg,0,No Oil Spill
class_1_00038.jpg,Class_1/class_1_00038.jpg,1,Oil Spill
class_0_01574.jpg,Class_0/class_0_01574.jpg,0,No Oil Spill
class_1_00964.jpg,Class_1/class_1_00964.jpg,1,Oil Spill
class_0_01375.jpg,Class_0/class_0_01375.jpg,0,No Oil Spill
class_0_00743.jpg,Class_0/class_0_00743.jpg,0,No Oil Spill
class_0_03089.jpg,Class_0/class_0_03089.jpg,0,No Oil Spill
class_1_01347.jpg,Class_1/class_1_01347.jpg,1,Oil Spill
class_1_01819.jpg,Class_1/class_1_01819.jpg,1,Oil Spill
class_0_00031.jpg,Class_0/class_0_00031.jpg,0,No Oil Spill
class_0_00899.jpg,Class_0/class_0_00899.jpg,0,No Oil Spill
class_0_00925.jpg,Class_0/class_0_00925.jpg,0,No Oil Spill
class_0_01433.jpg,Class_0/class_0_01433.jpg,0,No Oil Spill
class_0_00999.jpg,Class_0/class_0_00999.jpg,0,No Oil Spill
class_0_01412.jpg,Class_0/class_0_01412.jpg,0,No Oil Spill
class_1_01072.jpg,Class_1/class_1_01072.jpg,1,Oil Spill
class_0_03233.jpg,Class_0/class_0_03233.jpg,0,No Oil Spill
class_0_00248.jpg,Class_0/class_0_00248.jpg,0,No Oil Spill
class_0_00385.jpg,Class_0/class_0_00385.jpg,0,No Oil Spill
class_1_00991.jpg,Class_1/class_1_00991.jpg,1,Oil Spill
class_0_01155.jpg,Class_0/class_0_01155.jpg,0,No Oil Spill
class_0_00713.jpg,Class_0/class_0_00713.jpg,0,No Oil Spill
class_1_01149.jpg,Class_1/class_1_01149.jpg,1,Oil Spill
class_0_01969.jpg,Class_0/class_0_01969.jpg,0,No Oil Spill
class_0_02864.jpg,Class_0/class_0_02864.jpg,0,No Oil Spill
class_0_02236.jpg,Class_0/class_0_02236.jpg,0,No Oil Spill
class_0_02615.jpg,Class_0/class_0_02615.jpg,0,No Oil Spill
class_0_03329.jpg,Class_0/class_0_03329.jpg,0,No Oil Spill
class_1_01453.jpg,Class_1/class_1_01453.jpg,1,Oil Spill
class_1_00850.jpg,Class_1/class_1_00850.jpg,1,Oil Spill
class_1_01814.jpg,Class_1/class_1_01814.jpg,1,Oil Spill
class_1_01720.jpg,Class_1/class_1_01720.jpg,1,Oil Spill
class_1_01338.jpg,Class_1/class_1_01338.jpg,1,Oil Spill
class_1_00859.jpg,Class_1/class_1_00859.jpg,1,Oil Spill
class_0_00349.jpg,Class_0/class_0_00349.jpg,0,No Oil Spill
class_0_03137.jpg,Class_0/class_0_03137.jpg,0,No Oil Spill
class_1_00061.jpg,Class_1/class_1_00061.jpg,1,Oil Spill
class_0_02975.jpg,Class_0/class_0_02975.jpg,0,No Oil Spill
class_0_01942.jpg,Class_0/class_0_01942.jpg,0,No Oil Spill
class_0_00882.jpg,Class_0/class_0_00882.jpg,0,No Oil Spill
class_1_00941.jpg,Class_1/class_1_00941.jpg,1,Oil Spill
class_0_01065.jpg,Class_0/class_0_01065.jpg,0,No Oil Spill
class_1_01360.jpg,Class_1/class_1_01360.jpg,1,Oil Spill
class_0_02421.jpg,Class_0/class_0_02421.jpg,0,No Oil Spill
class_0_01096.jpg,Class_0/class_0_01096.jpg,0,No Oil Spill
class_0_02302.jpg,Class_0/class_0_02302.jpg,0,No Oil Spill
class_0_01804.jpg,Class_0/class_0_01804.jpg,0,No Oil Spill
class_0_01608.jpg,Class_0/class_0_01608.jpg,0,No Oil Spill
class_1_00246.jpg,Class_1/class_1_00246.jpg,1,Oil Spill
class_0_01941.jpg,Class_0/class_0_01941.jpg,0,No Oil Spill
class_0_03508.jpg,Class_0/class_0_03508.jpg,0,No Oil Spill
class_0_01027.jpg,Class_0/class_0_01027.jpg,0,No Oil Spill
class_0_00729.jpg,Class_0/class_0_00729.jpg,0,No Oil Spill
class_0_02298.jpg,Class_0/class_0_02298.jpg,0,No Oil Spill
class_0_01273.jpg,Class_0/class_0_01273.jpg,0,No Oil Spill
class_0_00600.jpg,Class_0/class_0_00600.jpg,0,No Oil Spill
class_0_02964.jpg,Class_0/class_0_02964.jpg,0,No Oil Spill
class_1_01008.jpg,Class_1/class_1_01008.jpg,1,Oil Spill
class_0_01722.jpg,Class_0/class_0_01722.jpg,0,No Oil Spill
class_0_02445.jpg,Class_0/class_0_02445.jpg,0,No Oil Spill
class_0_03505.jpg,Class_0/class_0_03505.jpg,0,No Oil Spill
class_0_01436.jpg,Class_0/class_0_01436.jpg,0,No Oil Spill
class_1_00198.jpg,Class_1/class_1_00198.jpg,1,Oil Spill
class_1_01431.jpg,Class_1/class_1_01431.jpg,1,Oil Spill
class_1_01519.jpg,Class_1/class_1_01519.jpg,1,Oil Spill
class_0_00535.jpg,Class_0/class_0_00535.jpg,0,No Oil Spill
class_0_00256.jpg,Class_0/class_0_00256.jpg,0,No Oil Spill
class_1_00139.jpg,Class_1/class_1_00139.jpg,1,Oil Spill
class_0_01168.jpg,Class_0/class_0_01168.jpg,0,No Oil Spill
class_1_01099.jpg,Class_1/class_1_01099.jpg,1,Oil Spill
class_0_03148.jpg,Class_0/class_0_03148.jpg,0,No Oil Spill
class_0_02204.jpg,Class_0/class_0_02204.jpg,0,No Oil Spill
class_0_02347.jpg,Class_0/class_0_02347.jpg,0,No Oil Spill
class_1_01157.jpg,Class_1/class_1_01157.jpg,1,Oil Spill
class_0_02483.jpg,Class_0/class_0_02483.jpg,0,No Oil Spill
class_0_02466.jpg,Class_0/class_0_02466.jpg,0,No Oil Spill
class_0_00374.jpg,Class_0/class_0_00374.jpg,0,No Oil Spill
class_0_02633.jpg,Class_0/class_0_02633.jpg,0,No Oil Spill
class_0_03261.jpg,Class_0/class_0_03261.jpg,0,No Oil Spill
class_0_01343.jpg,Class_0/class_0_01343.jpg,0,No Oil Spill
class_0_02399.jpg,Class_0/class_0_02399.jpg,0,No Oil Spill
class_1_00953.jpg,Class_1/class_1_00953.jpg,1,Oil Spill
class_0_00083.jpg,Class_0/class_0_00083.jpg,0,No Oil Spill
class_1_01246.jpg,Class_1/class_1_01246.jpg,1,Oil Spill
class_0_00015.jpg,Class_0/class_0_00015.jpg,0,No Oil Spill
class_0_03404.jpg,Class_0/class_0_03404.jpg,0,No Oil Spill
class_1_00758.jpg,Class_1/class_1_00758.jpg,1,Oil Spill
class_0_02462.jpg,Class_0/class_0_02462.jpg,0,No Oil Spill
class_0_00789.jpg,Class_0/class_0_00789.jpg,0,No Oil Spill
class_1_01348.jpg,Class_1/class_1_01348.jpg,1,Oil Spill
class_1_01702.jpg,Class_1/class_1_01702.jpg,1,Oil Spill
class_1_00395.jpg,Class_1/class_1_00395.jpg,1,Oil Spill
class_0_00902.jpg,Class_0/class_0_00902.jpg,0,No Oil Spill
class_1_01390.jpg,Class_1/class_1_01390.jpg,1,Oil Spill
class_1_01609.jpg,Class_1/class_1_01609.jpg,1,Oil Spill
class_0_00211.jpg,Class_0/class_0_00211.jpg,0,No Oil Spill
class_1_00052.jpg,Class_1/class_1_00052.jpg,1,Oil Spill
class_1_00635.jpg,Class_1/class_1_00635.jpg,1,Oil Spill
class_0_00957.jpg,Class_0/class_0_00957.jpg,0,No Oil Spill
class_1_00158.jpg,Class_1/class_1_00158.jpg,1,Oil Spill
class_0_00470.jpg,Class_0/class_0_00470.jpg,0,No Oil Spill
class_1_00149.jpg,Class_1/class_1_00149.jpg,1,Oil Spill
class_0_01515.jpg,Class_0/class_0_01515.jpg,0,No Oil Spill
class_1_01081.jpg,Class_1/class_1_01081.jpg,1,Oil Spill
class_0_02717.jpg,Class_0/class_0_02717.jpg,0,No Oil Spill
class_0_01758.jpg,Class_0/class_0_01758.jpg,0,No Oil Spill
class_0_02687.jpg,Class_0/class_0_02687.jpg,0,No Oil Spill
class_0_01379.jpg,Class_0/class_0_01379.jpg,0,No Oil Spill
class_0_03217.jpg,Class_0/class_0_03217.jpg,0,No Oil Spill
class_1_00088.jpg,Class_1/class_1_00088.jpg,1,Oil Spill
class_0_00851.jpg,Class_0/class_0_00851.jpg,0,No Oil Spill
class_0_02435.jpg,Class_0/class_0_02435.jpg,0,No Oil Spill
class_0_01354.jpg,Class_0/class_0_01354.jpg,0,No Oil Spill
class_0_01105.jpg,Class_0/class_0_01105.jpg,0,No Oil Spill
class_0_02467.jpg,Class_0/class_0_02467.jpg,0,No Oil Spill
class_0_00798.jpg,Class_0/class_0_00798.jpg,0,No Oil Spill
class_1_01026.jpg,Class_1/class_1_01026.jpg,1,Oil Spill
class_0_03389.jpg,Class_0/class_0_03389.jpg,0,No Oil Spill
class_0_02185.jpg,Class_0/class_0_02185.jpg,0,No Oil Spill
class_0_00490.jpg,Class_0/class_0_00490.jpg,0,No Oil Spill
class_0_00148.jpg,Class_0/class_0_00148.jpg,0,No Oil Spill
class_0_03422.jpg,Class_0/class_0_03422.jpg,0,No Oil Spill
class_0_00277.jpg,Class_0/class_0_00277.jpg,0,No Oil Spill
class_0_03563.jpg,Class_0/class_0_03563.jpg,0,No Oil Spill
class_0_00353.jpg,Class_0/class_0_00353.jpg,0,No Oil Spill
class_1_00843.jpg,Class_1/class_1_00843.jpg,1,Oil Spill
class_0_02158.jpg,Class_0/class_0_02158.jpg,0,No Oil Spill
class_1_00695.jpg,Class_1/class_1_00695.jpg,1,Oil Spill
class_0_01272.jpg,Class_0/class_0_01272.jpg,0,No Oil Spill
class_0_02132.jpg,Class_0/class_0_02132.jpg,0,No Oil Spill
class_0_02358.jpg,Class_0/class_0_02358.jpg,0,No Oil Spill
class_0_02583.jpg,Class_0/class_0_02583.jpg,0,No Oil Spill
class_1_00276.jpg,Class_1/class_1_00276.jpg,1,Oil Spill
class_1_01596.jpg,Class_1/class_1_01596.jpg,1,Oil Spill
class_0_01317.jpg,Class_0/class_0_01317.jpg,0,No Oil Spill
class_0_00255.jpg,Class_0/class_0_00255.jpg,0,No Oil Spill
class_0_00830.jpg,Class_0/class_0_00830.jpg,0,No Oil Spill
class_0_02102.jpg,Class_0/class_0_02102.jpg,0,No Oil Spill
class_1_01726.jpg,Class_1/class_1_01726.jpg,1,Oil Spill
class_1_00827.jpg,Class_1/class_1_00827.jpg,1,Oil Spill
class_1_00042.jpg,Class_1/class_1_00042.jpg,1,Oil Spill
class_0_01757.jpg,Class_0/class_0_01757.jpg,0,No Oil Spill
class_1_01298.jpg,Class_1/class_1_01298.jpg,1,Oil Spill
class_0_00954.jpg,Class_0/class_0_00954.jpg,0,No Oil Spill
class_1_00821.jpg,Class_1/class_1_00821.jpg,1,Oil Spill
class_0_01136.jpg,Class_0/class_0_01136.jpg,0,No Oil Spill
class_0_00687.jpg,Class_0/class_0_00687.jpg,0,No Oil Spill
class_0_01530.jpg,Class_0/class_0_01530.jpg,0,No Oil Spill
class_0_02600.jpg,Class_0/class_0_02600.jpg,0,No Oil Spill
class_0_00892.jpg,Class_0/class_0_00892.jpg,0,No Oil Spill
class_1_01064.jpg,Class_1/class_1_01064.jpg,1,Oil Spill
class_0_00953.jpg,Class_0/class_0_00953.jpg,0,No Oil Spill
class_0_02440.jpg,Class_0/class_0_02440.jpg,0,No Oil Spill
class_0_01048.jpg,Class_0/class_0_01048.jpg,0,No Oil Spill
class_0_00566.jpg,Class_0/class_0_00566.jpg,0,No Oil Spill
class_0_00580.jpg,Class_0/class_0_00580.jpg,0,No Oil Spill
class_1_01745.jpg,Class_1/class_1_01745.jpg,1,Oil Spill
class_0_00335.jpg,Class_0/class_0_00335.jpg,0,No Oil Spill
class_1_01797.jpg,Class_1/class_1_01797.jpg,1,Oil Spill
class_0_02564.jpg,Class_0/class_0_02564.jpg,0,No Oil Spill
class_0_02814.jpg,Class_0/class_0_02814.jpg,0,No Oil Spill
class_0_00152.jpg,Class_0/class_0_00152.jpg,0,No Oil Spill
class_1_00737.jpg,Class_1/class_1_00737.jpg,1,Oil Spill
class_0_01106.jpg,Class_0/class_0_01106.jpg,0,No Oil Spill
class_0_03153.jpg,Class_0/class_0_03153.jpg,0,No Oil Spill
class_0_01093.jpg,Class_0/class_0_01093.jpg,0,No Oil Spill
class_0_02968.jpg,Class_0/class_0_02968.jpg,0,No Oil Spill
class_0_01835.jpg,Class_0/class_0_01835.jpg,0,No Oil Spill
class_1_00301.jpg,Class_1/class_1_00301.jpg,1,Oil Spill
class_0_02859.jpg,Class_0/class_0_02859.jpg,0,No Oil Spill
class_0_01589.jpg,Class_0/class_0_01589.jpg,0,No Oil Spill
class_0_03172.jpg,Class_0/class_0_03172.jpg,0,No Oil Spill
class_0_00760.jpg,Class_0/class_0_00760.jpg,0,No Oil Spill
class_1_01070.jpg,Class_1/class_1_01070.jpg,1,Oil Spill
class_0_01650.jpg,Class_0/class_0_01650.jpg,0,No Oil Spill
class_0_02863.jpg,Class_0/class_0_02863.jpg,0,No Oil Spill
class_0_00780.jpg,Class_0/class_0_00780.jpg,0,No Oil Spill
class_0_02930.jpg,Class_0/class_0_02930.jpg,0,No Oil Spill
class_0_00459.jpg,Class_0/class_0_00459.jpg,0,No Oil Spill
class_1_00240.jpg,Class_1/class_1_00240.jpg,1,Oil Spill
class_1_01764.jpg,Class_1/class_1_01764.jpg,1,Oil Spill
class_0_02943.jpg,Class_0/class_0_02943.jpg,0,No Oil Spill
class_0_01262.jpg,Class_0/class_0_01262.jpg,0,No Oil Spill
class_0_03035.jpg,Class_0/class_0_03035.jpg,0,No Oil Spill
class_0_00366.jpg,Class_0/class_0_00366.jpg,0,No Oil Spill
class_0_00214.jpg,Class_0/class_0_00214.jpg,0,No Oil Spill
class_0_02902.jpg,Class_0/class_0_02902.jpg,0,No Oil Spill
class_0_03577.jpg,Class_0/class_0_03577.jpg,0,No Oil Spill
class_0_02594.jpg,Class_0/class_0_02594.jpg,0,No Oil Spill
class_1_01467.jpg,Class_1/class_1_01467.jpg,1,Oil Spill
class_0_03519.jpg,Class_0/class_0_03519.jpg,0,No Oil Spill
class_1_01689.jpg,Class_1/class_1_01689.jpg,1,Oil Spill
class_1_00236.jpg,Class_1/class_1_00236.jpg,1,Oil Spill
class_0_00563.jpg,Class_0/class_0_00563.jpg,0,No Oil Spill
class_0_02416.jpg,Class_0/class_0_02416.jpg,0,No Oil Spill
class_0_00808.jpg,Class_0/class_0_00808.jpg,0,No Oil Spill
class_0_00761.jpg,Class_0/class_0_00761.jpg,0,No Oil Spill
class_1_00554.jpg,Class_1/class_1_00554.jpg,1,Oil Spill
class_0_02387.jpg,Class_0/class_0_02387.jpg,0,No Oil Spill
class_1_01343.jpg,Class_1/class_1_01343.jpg,1,Oil Spill
class_0_03093.jpg,Class_0/class_0_03093.jpg,0,No Oil Spill
class_1_00982.jpg,Class_1/class_1_00982.jpg,1,Oil Spill
class_1_01311.jpg,Class_1/class_1_01311.jpg,1,Oil Spill
class_0_03639.jpg,Class_0/class_0_03639.jpg,0,No Oil Spill
class_0_01605.jpg,Class_0/class_0_01605.jpg,0,No Oil Spill
class_1_00904.jpg,Class_1/class_1_00904.jpg,1,Oil Spill
class_1_00630.jpg,Class_1/class_1_00630.jpg,1,Oil Spill
class_0_01301.jpg,Class_0/class_0_01301.jpg,0,No Oil Spill
class_0_02432.jpg,Class_0/class_0_02432.jpg,0,No Oil Spill
class_0_03120.jpg,Class_0/class_0_03120.jpg,0,No Oil Spill
class_1_00583.jpg,Class_1/class_1_00583.jpg,1,Oil Spill
class_0_01287.jpg,Class_0/class_0_01287.jpg,0,No Oil Spill
class_0_03056.jpg,Class_0/class_0_03056.jpg,0,No Oil Spill
class_0_01898.jpg,Class_0/class_0_01898.jpg,0,No Oil Spill
class_1_00287.jpg,Class_1/class_1_00287.jpg,1,Oil Spill
class_1_01493.jpg,Class_1/class_1_01493.jpg,1,Oil Spill
class_1_00650.jpg,Class_1/class_1_00650.jpg,1,Oil Spill
class_0_01050.jpg,Class_0/class_0_01050.jpg,0,No Oil Spill
class_0_02842.jpg,Class_0/class_0_02842.jpg,0,No Oil Spill
class_0_00203.jpg,Class_0/class_0_00203.jpg,0,No Oil Spill
class_1_00632.jpg,Class_1/class_1_00632.jpg,1,Oil Spill
class_0_01697.jpg,Class_0/class_0_01697.jpg,0,No Oil Spill
class_0_01814.jpg,Class_0/class_0_01814.jpg,0,No Oil Spill
class_0_02489.jpg,Class_0/class_0_02489.jpg,0,No Oil Spill
class_0_03005.jpg,Class_0/class_0_03005.jpg,0,No Oil Spill
class_1_00479.jpg,Class_1/class_1_00479.jpg,1,Oil Spill
class_1_00878.jpg,Class_1/class_1_00878.jpg,1,Oil Spill
class_0_01982.jpg,Class_0/class_0_01982.jpg,0,No Oil Spill
class_1_00905.jpg,Class_1/class_1_00905.jpg,1,Oil Spill
class_0_03063.jpg,Class_0/class_0_03063.jpg,0,No Oil Spill
class_1_00381.jpg,Class_1/class_1_00381.jpg,1,Oil Spill
class_0_02637.jpg,Class_0/class_0_02637.jpg,0,No Oil Spill
class_0_03574.jpg,Class_0/class_0_03574.jpg,0,No Oil Spill
class_0_02775.jpg,Class_0/class_0_02775.jpg,0,No Oil Spill
class_0_02359.jpg,Class_0/class_0_02359.jpg,0,No Oil Spill
class_0_01196.jpg,Class_0/class_0_01196.jpg,0,No Oil Spill
class_0_00034.jpg,Class_0/class_0_00034.jpg,0,No Oil Spill
class_1_01150.jpg,Class_1/class_1_01150.jpg,1,Oil Spill
class_1_00197.jpg,Class_1/class_1_00197.jpg,1,Oil Spill
class_0_01726.jpg,Class_0/class_0_01726.jpg,0,No Oil Spill
class_0_01114.jpg,Class_0/class_0_01114.jpg,0,No Oil Spill
class_0_00497.jpg,Class_0/class_0_00497.jpg,0,No Oil Spill
class_0_01445.jpg,Class_0/class_0_01445.jpg,0,No Oil Spill
class_0_01352.jpg,Class_0/class_0_01352.jpg,0,No Oil Spill
class_0_01225.jpg,Class_0/class_0_01225.jpg,0,No Oil Spill
class_1_01331.jpg,Class_1/class_1_01331.jpg,1,Oil Spill
class_0_01534.jpg,Class_0/class_0_01534.jpg,0,No Oil Spill
class_1_01248.jpg,Class_1/class_1_01248.jpg,1,Oil Spill
class_1_01627.jpg,Class_1/class_1_01627.jpg,1,Oil Spill
class_0_02624.jpg,Class_0/class_0_02624.jpg,0,No Oil Spill
class_0_03159.jpg,Class_0/class_0_03159.jpg,0,No Oil Spill
class_0_00218.jpg,Class_0/class_0_00218.jpg,0,No Oil Spill
class_1_00919.jpg,Class_1/class_1_00919.jpg,1,Oil Spill
class_0_02545.jpg,Class_0/class_0_02545.jpg,0,No Oil Spill
class_0_03448.jpg,Class_0/class_0_03448.jpg,0,No Oil Spill
class_1_00506.jpg,Class_1/class_1_00506.jpg,1,Oil Spill
class_1_01232.jpg,Class_1/class_1_01232.jpg,1,Oil Spill
class_0_00437.jpg,Class_0/class_0_00437.jpg,0,No Oil Spill
class_0_03409.jpg,Class_0/class_0_03409.jpg,0,No Oil Spill
class_0_02327.jpg,Class_0/class_0_02327.jpg,0,No Oil Spill
class_0_02429.jpg,Class_0/class_0_02429.jpg,0,No Oil Spill
class_0_02979.jpg,Class_0/class_0_02979.jpg,0,No Oil Spill
class_1_00571.jpg,Class_1/class_1_00571.jpg,1,Oil Spill
class_0_02135.jpg,Class_0/class_0_02135.jpg,0,No Oil Spill
class_1_00079.jpg,Class_1/class_1_00079.jpg,1,Oil Spill
class_1_01067.jpg,Class_1/class_1_01067.jpg,1,Oil Spill
class_0_01841.jpg,Class_0/class_0_01841.jpg,0,No Oil Spill
class_1_01153.jpg,Class_1/class_1_01153.jpg,1,Oil Spill
class_1_01817.jpg,Class_1/class_1_01817.jpg,1,Oil Spill
class_0_02957.jpg,Class_0/class_0_02957.jpg,0,No Oil Spill
class_0_01936.jpg,Class_0/class_0_01936.jpg,0,No Oil Spill
class_0_01067.jpg,Class_0/class_0_01067.jpg,0,No Oil Spill
class_0_03223.jpg,Class_0/class_0_03223.jpg,0,No Oil Spill
class_0_03411.jpg,Class_0/class_0_03411.jpg,0,No Oil Spill
class_0_02660.jpg,Class_0/class_0_02660.jpg,0,No Oil Spill
class_0_00611.jpg,Class_0/class_0_00611.jpg,0,No Oil Spill
class_0_01451.jpg,Class_0/class_0_01451.jpg,0,No Oil Spill
class_0_02632.jpg,Class_0/class_0_02632.jpg,0,No Oil Spill
class_0_02947.jpg,Class_0/class_0_02947.jpg,0,No Oil Spill
class_0_02726.jpg,Class_0/class_0_02726.jpg,0,No Oil Spill
class_0_01659.jpg,Class_0/class_0_01659.jpg,0,No Oil Spill
class_1_00783.jpg,Class_1/class_1_00783.jpg,1,Oil Spill
class_0_03091.jpg,Class_0/class_0_03091.jpg,0,No Oil Spill
class_0_03211.jpg,Class_0/class_0_03211.jpg,0,No Oil Spill
class_0_00525.jpg,Class_0/class_0_00525.jpg,0,No Oil Spill
class_0_00330.jpg,Class_0/class_0_00330.jpg,0,No Oil Spill
class_0_00539.jpg,Class_0/class_0_00539.jpg,0,No Oil Spill
class_1_01527.jpg,Class_1/class_1_01527.jpg,1,Oil Spill
class_1_00110.jpg,Class_1/class_1_00110.jpg,1,Oil Spill
class_0_01217.jpg,Class_0/class_0_01217.jpg,0,No Oil Spill
class_1_00663.jpg,Class_1/class_1_00663.jpg,1,Oil Spill
class_1_00113.jpg,Class_1/class_1_00113.jpg,1,Oil Spill
class_1_01168.jpg,Class_1/class_1_01168.jpg,1,Oil Spill
class_0_01465.jpg,Class_0/class_0_01465.jpg,0,No Oil Spill
class_1_01296.jpg,Class_1/class_1_01296.jpg,1,Oil Spill
class_0_02265.jpg,Class_0/class_0_02265.jpg,0,No Oil Spill
class_1_00820.jpg,Class_1/class_1_00820.jpg,1,Oil Spill
class_1_00019.jpg,Class_1/class_1_00019.jpg,1,Oil Spill
class_0_02117.jpg,Class_0/class_0_02117.jpg,0,No Oil Spill
class_0_03080.jpg,Class_0/class_0_03080.jpg,0,No Oil Spill
class_0_00703.jpg,Class_0/class_0_00703.jpg,0,No Oil Spill
class_1_01500.jpg,Class_1/class_1_01500.jpg,1,Oil Spill
class_0_02675.jpg,Class_0/class_0_02675.jpg,0,No Oil Spill
class_0_00671.jpg,Class_0/class_0_00671.jpg,0,No Oil Spill
class_0_00360.jpg,Class_0/class_0_00360.jpg,0,No Oil Spill
class_0_01190.jpg,Class_0/class_0_01190.jpg,0,No Oil Spill
class_1_01646.jpg,Class_1/class_1_01646.jpg,1,Oil Spill
class_0_02177.jpg,Class_0/class_0_02177.jpg,0,No Oil Spill
class_0_00058.jpg,Class_0/class_0_00058.jpg,0,No Oil Spill
class_0_03021.jpg,Class_0/class_0_03021.jpg,0,No Oil Spill
class_0_02982.jpg,Class_0/class_0_02982.jpg,0,No Oil Spill
class_0_00104.jpg,Class_0/class_0_00104.jpg,0,No Oil Spill
class_0_03033.jpg,Class_0/class_0_03033.jpg,0,No Oil Spill
class_0_01774.jpg,Class_0/class_0_01774.jpg,0,No Oil Spill
class_1_01170.jpg,Class_1/class_1_01170.jpg,1,Oil Spill
class_0_02471.jpg,Class_0/class_0_02471.jpg,0,No Oil Spill
class_1_00937.jpg,Class_1/class_1_00937.jpg,1,Oil Spill
class_0_01401.jpg,Class_0/class_0_01401.jpg,0,No Oil Spill
class_0_01450.jpg,Class_0/class_0_01450.jpg,0,No Oil Spill
class_0_02172.jpg,Class_0/class_0_02172.jpg,0,No Oil Spill
class_0_03503.jpg,Class_0/class_0_03503.jpg,0,No Oil Spill
class_0_01779.jpg,Class_0/class_0_01779.jpg,0,No Oil Spill
class_0_01709.jpg,Class_0/class_0_01709.jpg,0,No Oil Spill
class_0_01018.jpg,Class_0/class_0_01018.jpg,0,No Oil Spill
class_0_01503.jpg,Class_0/class_0_01503.jpg,0,No Oil Spill
class_0_03200.jpg,Class_0/class_0_03200.jpg,0,No Oil Spill
class_0_01544.jpg,Class_0/class_0_01544.jpg,0,No Oil Spill
class_0_02648.jpg,Class_0/class_0_02648.jpg,0,No Oil Spill
class_1_01567.jpg,Class_1/class_1_01567.jpg,1,Oil Spill
class_0_01820.jpg,Class_0/class_0_01820.jpg,0,No Oil Spill
class_0_00090.jpg,Class_0/class_0_00090.jpg,0,No Oil Spill
class_0_00123.jpg,Class_0/class_0_00123.jpg,0,No Oil Spill
class_0_00042.jpg,Class_0/class_0_00042.jpg,0,No Oil Spill
class_0_02543.jpg,Class_0/class_0_02543.jpg,0,No Oil Spill
class_0_00720.jpg,Class_0/class_0_00720.jpg,0,No Oil Spill
class_1_01349.jpg,Class_1/class_1_01349.jpg,1,Oil Spill
class_0_03680.jpg,Class_0/class_0_03680.jpg,0,No Oil Spill
class_0_00952.jpg,Class_0/class_0_00952.jpg,0,No Oil Spill
class_0_00515.jpg,Class_0/class_0_00515.jpg,0,No Oil Spill
class_0_02958.jpg,Class_0/class_0_02958.jpg,0,No Oil Spill
class_0_03116.jpg,Class_0/class_0_03116.jpg,0,No Oil Spill
class_1_01265.jpg,Class_1/class_1_01265.jpg,1,Oil Spill
class_1_01374.jpg,Class_1/class_1_01374.jpg,1,Oil Spill
class_0_01786.jpg,Class_0/class_0_01786.jpg,0,No Oil Spill
class_1_00585.jpg,Class_1/class_1_00585.jpg,1,Oil Spill
class_1_01204.jpg,Class_1/class_1_01204.jpg,1,Oil Spill
class_0_02893.jpg,Class_0/class_0_02893.jpg,0,No Oil Spill
class_0_03406.jpg,Class_0/class_0_03406.jpg,0,No Oil Spill
class_0_02856.jpg,Class_0/class_0_02856.jpg,0,No Oil Spill
class_1_00899.jpg,Class_1/class_1_00899.jpg,1,Oil Spill
class_1_00724.jpg,Class_1/class_1_00724.jpg,1,Oil Spill
class_0_00212.jpg,Class_0/class_0_00212.jpg,0,No Oil Spill
class_1_01210.jpg,Class_1/class_1_01210.jpg,1,Oil Spill
class_0_01591.jpg,Class_0/class_0_01591.jpg,0,No Oil Spill
class_0_00868.jpg,Class_0/class_0_00868.jpg,0,No Oil Spill
class_0_00145.jpg,Class_0/class_0_00145.jpg,0,No Oil Spill
class_0_01636.jpg,Class_0/class_0_01636.jpg,0,No Oil Spill
class_0_01113.jpg,Class_0/class_0_01113.jpg,0,No Oil Spill
class_0_02306.jpg,Class_0/class_0_02306.jpg,0,No Oil Spill
class_0_00062.jpg,Class_0/class_0_00062.jpg,0,No Oil Spill
class_0_01575.jpg,Class_0/class_0_01575.jpg,0,No Oil Spill
class_0_03657.jpg,Class_0/class_0_03657.jpg,0,No Oil Spill
class_0_01278.jpg,Class_0/class_0_01278.jpg,0,No Oil Spill
class_0_00686.jpg,Class_0/class_0_00686.jpg,0,No Oil Spill
class_1_00218.jpg,Class_1/class_1_00218.jpg,1,Oil Spill
class_0_03242.jpg,Class_0/class_0_03242.jpg,0,No Oil Spill
class_0_03177.jpg,Class_0/class_0_03177.jpg,0,No Oil Spill
class_0_03656.jpg,Class_0/class_0_03656.jpg,0,No Oil Spill
class_1_00795.jpg,Class_1/class_1_00795.jpg,1,Oil Spill
class_0_00261.jpg,Class_0/class_0_00261.jpg,0,No Oil Spill
class_1_00293.jpg,Class_1/class_1_00293.jpg,1,Oil Spill
class_0_01992.jpg,Class_0/class_0_01992.jpg,0,No Oil Spill
class_0_02251.jpg,Class_0/class_0_02251.jpg,0,No Oil Spill
class_1_00396.jpg,Class_1/class_1_00396.jpg,1,Oil Spill
class_1_01643.jpg,Class_1/class_1_01643.jpg,1,Oil Spill
class_0_02762.jpg,Class_0/class_0_02762.jpg,0,No Oil Spill
class_0_02505.jpg,Class_0/class_0_02505.jpg,0,No Oil Spill
class_0_01656.jpg,Class_0/class_0_01656.jpg,0,No Oil Spill
class_0_03458.jpg,Class_0/class_0_03458.jpg,0,No Oil Spill
class_0_03588.jpg,Class_0/class_0_03588.jpg,0,No Oil Spill
class_1_00808.jpg,Class_1/class_1_00808.jpg,1,Oil Spill
class_0_02258.jpg,Class_0/class_0_02258.jpg,0,No Oil Spill
class_0_02362.jpg,Class_0/class_0_02362.jpg,0,No Oil Spill
class_0_01283.jpg,Class_0/class_0_01283.jpg,0,No Oil Spill
class_0_02414.jpg,Class_0/class_0_02414.jpg,0,No Oil Spill
class_0_03343.jpg,Class_0/class_0_03343.jpg,0,No Oil Spill
class_0_00542.jpg,Class_0/class_0_00542.jpg,0,No Oil Spill
class_0_00413.jpg,Class_0/class_0_00413.jpg,0,No Oil Spill
class_1_00268.jpg,Class_1/class_1_00268.jpg,1,Oil Spill
class_1_00191.jpg,Class_1/class_1_00191.jpg,1,Oil Spill
class_1_00527.jpg,Class_1/class_1_00527.jpg,1,Oil Spill
class_1_01295.jpg,Class_1/class_1_01295.jpg,1,Oil Spill
class_1_01401.jpg,Class_1/class_1_01401.jpg,1,Oil Spill
class_0_02293.jpg,Class_0/class_0_02293.jpg,0,No Oil Spill
class_1_00265.jpg,Class_1/class_1_00265.jpg,1,Oil Spill
class_1_01604.jpg,Class_1/class_1_01604.jpg,1,Oil Spill
class_1_01009.jpg,Class_1/class_1_01009.jpg,1,Oil Spill
class_0_01257.jpg,Class_0/class_0_01257.jpg,0,No Oil Spill
class_0_00192.jpg,Class_0/class_0_00192.jpg,0,No Oil Spill
class_0_02544.jpg,Class_0/class_0_02544.jpg,0,No Oil Spill
class_0_03438.jpg,Class_0/class_0_03438.jpg,0,No Oil Spill
class_0_02579.jpg,Class_0/class_0_02579.jpg,0,No Oil Spill
class_0_00730.jpg,Class_0/class_0_00730.jpg,0,No Oil Spill
class_0_02156.jpg,Class_0/class_0_02156.jpg,0,No Oil Spill
class_0_01970.jpg,Class_0/class_0_01970.jpg,0,No Oil Spill
class_0_00279.jpg,Class_0/class_0_00279.jpg,0,No Oil Spill
class_1_01093.jpg,Class_1/class_1_01093.jpg,1,Oil Spill
class_0_01455.jpg,Class_0/class_0_01455.jpg,0,No Oil Spill
class_0_00269.jpg,Class_0/class_0_00269.jpg,0,No Oil Spill
class_0_03648.jpg,Class_0/class_0_03648.jpg,0,No Oil Spill
class_0_00410.jpg,Class_0/class_0_00410.jpg,0,No Oil Spill
class_1_00194.jpg,Class_1/class_1_00194.jpg,1,Oil Spill
class_0_02354.jpg,Class_0/class_0_02354.jpg,0,No Oil Spill
class_0_00679.jpg,Class_0/class_0_00679.jpg,0,No Oil Spill
class_0_03125.jpg,Class_0/class_0_03125.jpg,0,No Oil Spill
class_1_00470.jpg,Class_1/class_1_00470.jpg,1,Oil Spill
class_0_01133.jpg,Class_0/class_0_01133.jpg,0,No Oil Spill
class_1_00549.jpg,Class_1/class_1_00549.jpg,1,Oil Spill
class_0_03227.jpg,Class_0/class_0_03227.jpg,0,No Oil Spill
class_1_00304.jpg,Class_1/class_1_00304.jpg,1,Oil Spill
class_1_00363.jpg,Class_1/class_1_00363.jpg,1,Oil Spill
class_0_00522.jpg,Class_0/class_0_00522.jpg,0,No Oil Spill
class_0_02960.jpg,Class_0/class_0_02960.jpg,0,No Oil Spill
class_0_03464.jpg,Class_0/class_0_03464.jpg,0,No Oil Spill
class_1_00511.jpg,Class_1/class_1_00511.jpg,1,Oil Spill
class_1_01054.jpg,Class_1/class_1_01054.jpg,1,Oil Spill
class_1_01122.jpg,Class_1/class_1_01122.jpg,1,Oil Spill
class_1_01800.jpg,Class_1/class_1_01800.jpg,1,Oil Spill
class_1_00500.jpg,Class_1/class_1_00500.jpg,1,Oil Spill
class_0_01859.jpg,Class_0/class_0_01859.jpg,0,No Oil Spill
class_1_01077.jpg,Class_1/class_1_01077.jpg,1,Oil Spill
class_0_02890.jpg,Class_0/class_0_02890.jpg,0,No Oil Spill
class_0_01870.jpg,Class_0/class_0_01870.jpg,0,No Oil Spill
class_1_01457.jpg,Class_1/class_1_01457.jpg,1,Oil Spill
class_1_01263.jpg,Class_1/class_1_01263.jpg,1,Oil Spill
class_0_00857.jpg,Class_0/class_0_00857.jpg,0,No Oil Spill
class_0_02497.jpg,Class_0/class_0_02497.jpg,0,No Oil Spill
class_1_00178.jpg,Class_1/class_1_00178.jpg,1,Oil Spill
class_1_00102.jpg,Class_1/class_1_00102.jpg,1,Oil Spill
class_0_01874.jpg,Class_0/class_0_01874.jpg,0,No Oil Spill
class_1_01362.jpg,Class_1/class_1_01362.jpg,1,Oil Spill
class_0_03094.jpg,Class_0/class_0_03094.jpg,0,No Oil Spill
class_0_02928.jpg,Class_0/class_0_02928.jpg,0,No Oil Spill
class_1_01473.jpg,Class_1/class_1_01473.jpg,1,Oil Spill
class_0_00961.jpg,Class_0/class_0_00961.jpg,0,No Oil Spill
class_1_01219.jpg,Class_1/class_1_01219.jpg,1,Oil Spill
class_0_00276.jpg,Class_0/class_0_00276.jpg,0,No Oil Spill
class_1_00699.jpg,Class_1/class_1_00699.jpg,1,Oil Spill
class_1_00228.jpg,Class_1/class_1_00228.jpg,1,Oil Spill
class_0_02523.jpg,Class_0/class_0_02523.jpg,0,No Oil Spill
class_0_02735.jpg,Class_0/class_0_02735.jpg,0,No Oil Spill
class_0_01458.jpg,Class_0/class_0_01458.jpg,0,No Oil Spill
class_0_00627.jpg,Class_0/class_0_00627.jpg,0,No Oil Spill
class_1_00642.jpg,Class_1/class_1_00642.jpg,1,Oil Spill
class_0_00055.jpg,Class_0/class_0_00055.jpg,0,No Oil Spill
class_1_00336.jpg,Class_1/class_1_00336.jpg,1,Oil Spill
class_1_01823.jpg,Class_1/class_1_01823.jpg,1,Oil Spill
class_0_02686.jpg,Class_0/class_0_02686.jpg,0,No Oil Spill
class_0_02601.jpg,Class_0/class_0_02601.jpg,0,No Oil Spill
class_0_01734.jpg,Class_0/class_0_01734.jpg,0,No Oil Spill
class_1_00966.jpg,Class_1/class_1_00966.jpg,1,Oil Spill
class_0_03691.jpg,Class_0/class_0_03691.jpg,0,No Oil Spill
class_0_03683.jpg,Class_0/class_0_03683.jpg,0,No Oil Spill
class_0_01751.jpg,Class_0/class_0_01751.jpg,0,No Oil Spill
class_0_01296.jpg,Class_0/class_0_01296.jpg,0,No Oil Spill
class_0_02052.jpg,Class_0/class_0_02052.jpg,0,No Oil Spill
class_0_02396.jpg,Class_0/class_0_02396.jpg,0,No Oil Spill
class_0_03053.jpg,Class_0/class_0_03053.jpg,0,No Oil Spill
class_1_01182.jpg,Class_1/class_1_01182.jpg,1,Oil Spill
class_1_01312.jpg,Class_1/class_1_01312.jpg,1,Oil Spill
class_1_00811.jpg,Class_1/class_1_00811.jpg,1,Oil Spill
class_0_03689.jpg,Class_0/class_0_03689.jpg,0,No Oil Spill
class_0_03097.jpg,Class_0/class_0_03097.jpg,0,No Oil Spill
class_0_00249.jpg,Class_0/class_0_00249.jpg,0,No Oil Spill
class_0_02919.jpg,Class_0/class_0_02919.jpg,0,No Oil Spill
class_1_00529.jpg,Class_1/class_1_00529.jpg,1,Oil Spill
class_0_00093.jpg,Class_0/class_0_00093.jpg,0,No Oil Spill
class_1_01548.jpg,Class_1/class_1_01548.jpg,1,Oil Spill
class_1_00382.jpg,Class_1/class_1_00382.jpg,1,Oil Spill
class_1_01394.jpg,Class_1/class_1_01394.jpg,1,Oil Spill
class_0_03384.jpg,Class_0/class_0_03384.jpg,0,No Oil Spill
class_1_01497.jpg,Class_1/class_1_01497.jpg,1,Oil Spill
class_1_01208.jpg,Class_1/class_1_01208.jpg,1,Oil Spill
class_0_02044.jpg,Class_0/class_0_02044.jpg,0,No Oil Spill
class_0_03621.jpg,Class_0/class_0_03621.jpg,0,No Oil Spill
class_0_03634.jpg,Class_0/class_0_03634.jpg,0,No Oil Spill
class_0_00747.jpg,Class_0/class_0_00747.jpg,0,No Oil Spill
class_1_00882.jpg,Class_1/class_1_00882.jpg,1,Oil Spill
class_0_03600.jpg,Class_0/class_0_03600.jpg,0,No Oil Spill
class_0_00329.jpg,Class_0/class_0_00329.jpg,0,No Oil Spill
class_0_00431.jpg,Class_0/class_0_00431.jpg,0,No Oil Spill
class_0_03565.jpg,Class_0/class_0_03565.jpg,0,No Oil Spill
class_1_00208.jpg,Class_1/class_1_00208.jpg,1,Oil Spill
class_0_01034.jpg,Class_0/class_0_01034.jpg,0,No Oil Spill
class_1_00239.jpg,Class_1/class_1_00239.jpg,1,Oil Spill
class_0_03167.jpg,Class_0/class_0_03167.jpg,0,No Oil Spill
class_1_00888.jpg,Class_1/class_1_00888.jpg,1,Oil Spill
class_1_01499.jpg,Class_1/class_1_01499.jpg,1,Oil Spill
class_1_01748.jpg,Class_1/class_1_01748.jpg,1,Oil Spill
class_0_01092.jpg,Class_0/class_0_01092.jpg,0,No Oil Spill
class_0_02039.jpg,Class_0/class_0_02039.jpg,0,No Oil Spill
class_0_00849.jpg,Class_0/class_0_00849.jpg,0,No Oil Spill
class_0_02093.jpg,Class_0/class_0_02093.jpg,0,No Oil Spill
class_0_00996.jpg,Class_0/class_0_00996.jpg,0,No Oil Spill
class_1_00041.jpg,Class_1/class_1_00041.jpg,1,Oil Spill
class_1_00572.jpg,Class_1/class_1_00572.jpg,1,Oil Spill
class_0_02741.jpg,Class_0/class_0_02741.jpg,0,No Oil Spill
class_0_00175.jpg,Class_0/class_0_00175.jpg,0,No Oil Spill
class_1_00996.jpg,Class_1/class_1_00996.jpg,1,Oil Spill
class_0_02022.jpg,Class_0/class_0_02022.jpg,0,No Oil Spill
class_0_02080.jpg,Class_0/class_0_02080.jpg,0,No Oil Spill
class_0_02707.jpg,Class_0/class_0_02707.jpg,0,No Oil Spill
class_0_01246.jpg,Class_0/class_0_01246.jpg,0,No Oil Spill
class_0_00150.jpg,Class_0/class_0_00150.jpg,0,No Oil Spill
class_1_00224.jpg,Class_1/class_1_00224.jpg,1,Oil Spill
class_0_02188.jpg,Class_0/class_0_02188.jpg,0,No Oil Spill
class_1_01631.jpg,Class_1/class_1_01631.jpg,1,Oil Spill
class_1_01459.jpg,Class_1/class_1_01459.jpg,1,Oil Spill
class_0_00774.jpg,Class_0/class_0_00774.jpg,0,No Oil Spill
class_1_01566.jpg,Class_1/class_1_01566.jpg,1,Oil Spill
class_1_01001.jpg,Class_1/class_1_01001.jpg,1,Oil Spill
class_0_02227.jpg,Class_0/class_0_02227.jpg,0,No Oil Spill
class_0_01641.jpg,Class_0/class_0_01641.jpg,0,No Oil Spill
class_1_01503.jpg,Class_1/class_1_01503.jpg,1,Oil Spill
class_0_02913.jpg,Class_0/class_0_02913.jpg,0,No Oil Spill
class_0_00163.jpg,Class_0/class_0_00163.jpg,0,No Oil Spill
class_1_00075.jpg,Class_1/class_1_00075.jpg,1,Oil Spill
class_0_03370.jpg,Class_0/class_0_03370.jpg,0,No Oil Spill
class_0_02261.jpg,Class_0/class_0_02261.jpg,0,No Oil Spill
class_1_01744.jpg,Class_1/class_1_01744.jpg,1,Oil Spill
class_1_00926.jpg,Class_1/class_1_00926.jpg,1,Oil Spill
class_0_00514.jpg,Class_0/class_0_00514.jpg,0,No Oil Spill
class_0_02369.jpg,Class_0/class_0_02369.jpg,0,No Oil Spill
class_1_01400.jpg,Class_1/class_1_01400.jpg,1,Oil Spill
class_0_00323.jpg,Class_0/class_0_00323.jpg,0,No Oil Spill
class_0_00124.jpg,Class_0/class_0_00124.jpg,0,No Oil Spill
class_0_01258.jpg,Class_0/class_0_01258.jpg,0,No Oil Spill
class_1_00887.jpg,Class_1/class_1_00887.jpg,1,Oil Spill
class_0_02755.jpg,Class_0/class_0_02755.jpg,0,No Oil Spill
class_1_00423.jpg,Class_1/class_1_00423.jpg,1,Oil Spill
class_0_03379.jpg,Class_0/class_0_03379.jpg,0,No Oil Spill
class_0_03357.jpg,Class_0/class_0_03357.jpg,0,No Oil Spill
class_0_01195.jpg,Class_0/class_0_01195.jpg,0,No Oil Spill
class_1_01842.jpg,Class_1/class_1_01842.jpg,1,Oil Spill
class_1_00769.jpg,Class_1/class_1_00769.jpg,1,Oil Spill
class_1_01722.jpg,Class_1/class_1_01722.jpg,1,Oil Spill
class_1_00007.jpg,Class_1/class_1_00007.jpg,1,Oil Spill
class_0_02072.jpg,Class_0/class_0_02072.jpg,0,No Oil Spill
class_0_02383.jpg,Class_0/class_0_02383.jpg,0,No Oil Spill
class_1_00866.jpg,Class_1/class_1_00866.jpg,1,Oil Spill
class_0_03099.jpg,Class_0/class_0_03099.jpg,0,No Oil Spill
class_0_00038.jpg,Class_0/class_0_00038.jpg,0,No Oil Spill
class_1_00337.jpg,Class_1/class_1_00337.jpg,1,Oil Spill
class_0_02976.jpg,Class_0/class_0_02976.jpg,0,No Oil Spill
class_1_01759.jpg,Class_1/class_1_01759.jpg,1,Oil Spill
class_0_01330.jpg,Class_0/class_0_01330.jpg,0,No Oil Spill
class_1_00679.jpg,Class_1/class_1_00679.jpg,1,Oil Spill
class_1_01709.jpg,Class_1/class_1_01709.jpg,1,Oil Spill
class_1_01563.jpg,Class_1/class_1_01563.jpg,1,Oil Spill
class_1_00319.jpg,Class_1/class_1_00319.jpg,1,Oil Spill
class_0_00132.jpg,Class_0/class_0_00132.jpg,0,No Oil Spill
class_1_00440.jpg,Class_1/class_1_00440.jpg,1,Oil Spill
class_0_01945.jpg,Class_0/class_0_01945.jpg,0,No Oil Spill
class_0_01286.jpg,Class_0/class_0_01286.jpg,0,No Oil Spill
class_0_03364.jpg,Class_0/class_0_03364.jpg,0,No Oil Spill
class_0_01212.jpg,Class_0/class_0_01212.jpg,0,No Oil Spill
class_0_03633.jpg,Class_0/class_0_03633.jpg,0,No Oil Spill
class_0_03209.jpg,Class_0/class_0_03209.jpg,0,No Oil Spill
class_1_01714.jpg,Class_1/class_1_01714.jpg,1,Oil Spill
class_0_02889.jpg,Class_0/class_0_02889.jpg,0,No Oil Spill
class_0_01341.jpg,Class_0/class_0_01341.jpg,0,No Oil Spill
class_1_00734.jpg,Class_1/class_1_00734.jpg,1,Oil Spill
class_1_00426.jpg,Class_1/class_1_00426.jpg,1,Oil Spill
class_0_03265.jpg,Class_0/class_0_03265.jpg,0,No Oil Spill
class_1_00368.jpg,Class_1/class_1_00368.jpg,1,Oil Spill
class_1_00288.jpg,Class_1/class_1_00288.jpg,1,Oil Spill
class_1_00832.jpg,Class_1/class_1_00832.jpg,1,Oil Spill
class_0_03517.jpg,Class_0/class_0_03517.jpg,0,No Oil Spill
class_1_01605.jpg,Class_1/class_1_01605.jpg,1,Oil Spill
class_0_01956.jpg,Class_0/class_0_01956.jpg,0,No Oil Spill
class_0_02642.jpg,Class_0/class_0_02642.jpg,0,No Oil Spill
class_0_01208.jpg,Class_0/class_0_01208.jpg,0,No Oil Spill
class_1_00971.jpg,Class_1/class_1_00971.jpg,1,Oil Spill
class_1_01680.jpg,Class_1/class_1_01680.jpg,1,Oil Spill
class_0_03269.jpg,Class_0/class_0_03269.jpg,0,No Oil Spill
class_1_00027.jpg,Class_1/class_1_00027.jpg,1,Oil Spill
class_1_01568.jpg,Class_1/class_1_01568.jpg,1,Oil Spill
class_1_01840.jpg,Class_1/class_1_01840.jpg,1,Oil Spill
class_0_00430.jpg,Class_0/class_0_00430.jpg,0,No Oil Spill
class_1_00542.jpg,Class_1/class_1_00542.jpg,1,Oil Spill
class_0_02171.jpg,Class_0/class_0_02171.jpg,0,No Oil Spill
class_1_00435.jpg,Class_1/class_1_00435.jpg,1,Oil Spill
class_0_01441.jpg,Class_0/class_0_01441.jpg,0,No Oil Spill
class_0_02510.jpg,Class_0/class_0_02510.jpg,0,No Oil Spill
class_0_02252.jpg,Class_0/class_0_02252.jpg,0,No Oil Spill
class_1_01258.jpg,Class_1/class_1_01258.jpg,1,Oil Spill
class_0_02249.jpg,Class_0/class_0_02249.jpg,0,No Oil Spill
class_1_01382.jpg,Class_1/class_1_01382.jpg,1,Oil Spill
class_1_01200.jpg,Class_1/class_1_01200.jpg,1,Oil Spill
class_0_02745.jpg,Class_0/class_0_02745.jpg,0,No Oil Spill
class_1_01704.jpg,Class_1/class_1_01704.jpg,1,Oil Spill
class_1_00146.jpg,Class_1/class_1_00146.jpg,1,Oil Spill
class_0_03559.jpg,Class_0/class_0_03559.jpg,0,No Oil Spill
class_0_02225.jpg,Class_0/class_0_02225.jpg,0,No Oil Spill
class_0_02784.jpg,Class_0/class_0_02784.jpg,0,No Oil Spill
class_0_00920.jpg,Class_0/class_0_00920.jpg,0,No Oil Spill
class_1_00355.jpg,Class_1/class_1_00355.jpg,1,Oil Spill
class_0_01795.jpg,Class_0/class_0_01795.jpg,0,No Oil Spill
class_0_01924.jpg,Class_0/class_0_01924.jpg,0,No Oil Spill
class_0_02041.jpg,Class_0/class_0_02041.jpg,0,No Oil Spill
class_1_01529.jpg,Class_1/class_1_01529.jpg,1,Oil Spill
class_0_01918.jpg,Class_0/class_0_01918.jpg,0,No Oil Spill
class_1_01269.jpg,Class_1/class_1_01269.jpg,1,Oil Spill
class_1_01545.jpg,Class_1/class_1_01545.jpg,1,Oil Spill
class_0_02451.jpg,Class_0/class_0_02451.jpg,0,No Oil Spill
class_1_01358.jpg,Class_1/class_1_01358.jpg,1,Oil Spill
class_0_00422.jpg,Class_0/class_0_00422.jpg,0,No Oil Spill
class_0_01056.jpg,Class_0/class_0_01056.jpg,0,No Oil Spill
class_0_03043.jpg,Class_0/class_0_03043.jpg,0,No Oil Spill
class_0_00701.jpg,Class_0/class_0_00701.jpg,0,No Oil Spill
class_1_01652.jpg,Class_1/class_1_01652.jpg,1,Oil Spill
class_1_01708.jpg,Class_1/class_1_01708.jpg,1,Oil Spill
class_0_01721.jpg,Class_0/class_0_01721.jpg,0,No Oil Spill
class_1_00880.jpg,Class_1/class_1_00880.jpg,1,Oil Spill
class_0_00416.jpg,Class_0/class_0_00416.jpg,0,No Oil Spill
class_0_02288.jpg,Class_0/class_0_02288.jpg,0,No Oil Spill
class_0_02343.jpg,Class_0/class_0_02343.jpg,0,No Oil Spill
class_0_00101.jpg,Class_0/class_0_00101.jpg,0,No Oil Spill
class_1_01034.jpg,Class_1/class_1_01034.jpg,1,Oil Spill
class_1_01616.jpg,Class_1/class_1_01616.jpg,1,Oil Spill
class_0_03674.jpg,Class_0/class_0_03674.jpg,0,No Oil Spill
class_1_00772.jpg,Class_1/class_1_00772.jpg,1,Oil Spill
class_0_02067.jpg,Class_0/class_0_02067.jpg,0,No Oil Spill
class_0_03229.jpg,Class_0/class_0_03229.jpg,0,No Oil Spill
class_0_01938.jpg,Class_0/class_0_01938.jpg,0,No Oil Spill
class_0_03561.jpg,Class_0/class_0_03561.jpg,0,No Oil Spill
class_0_00598.jpg,Class_0/class_0_00598.jpg,0,No Oil Spill
class_1_00936.jpg,Class_1/class_1_00936.jpg,1,Oil Spill
class_0_02218.jpg,Class_0/class_0_02218.jpg,0,No Oil Spill
class_1_01018.jpg,Class_1/class_1_01018.jpg,1,Oil Spill
class_1_01021.jpg,Class_1/class_1_01021.jpg,1,Oil Spill
class_1_01256.jpg,Class_1/class_1_01256.jpg,1,Oil Spill
class_0_00080.jpg,Class_0/class_0_00080.jpg,0,No Oil Spill
class_0_03059.jpg,Class_0/class_0_03059.jpg,0,No Oil Spill
class_0_00441.jpg,Class_0/class_0_00441.jpg,0,No Oil Spill
class_0_00356.jpg,Class_0/class_0_00356.jpg,0,No Oil Spill
class_0_01264.jpg,Class_0/class_0_01264.jpg,0,No Oil Spill
class_0_03105.jpg,Class_0/class_0_03105.jpg,0,No Oil Spill
class_0_03586.jpg,Class_0/class_0_03586.jpg,0,No Oil Spill
class_0_00603.jpg,Class_0/class_0_00603.jpg,0,No Oil Spill
class_0_03044.jpg,Class_0/class_0_03044.jpg,0,No Oil Spill
class_1_01661.jpg,Class_1/class_1_01661.jpg,1,Oil Spill
class_1_00261.jpg,Class_1/class_1_00261.jpg,1,Oil Spill
class_1_01195.jpg,Class_1/class_1_01195.jpg,1,Oil Spill
class_0_00361.jpg,Class_0/class_0_00361.jpg,0,No Oil Spill
class_0_03277.jpg,Class_0/class_0_03277.jpg,0,No Oil Spill
class_0_00972.jpg,Class_0/class_0_00972.jpg,0,No Oil Spill
class_1_00543.jpg,Class_1/class_1_00543.jpg,1,Oil Spill
class_0_01346.jpg,Class_0/class_0_01346.jpg,0,No Oil Spill
class_0_03571.jpg,Class_0/class_0_03571.jpg,0,No Oil Spill
class_0_00745.jpg,Class_0/class_0_00745.jpg,0,No Oil Spill
class_0_01627.jpg,Class_0/class_0_01627.jpg,0,No Oil Spill
class_0_02685.jpg,Class_0/class_0_02685.jpg,0,No Oil Spill
class_1_00067.jpg,Class_1/class_1_00067.jpg,1,Oil Spill
class_0_00653.jpg,Class_0/class_0_00653.jpg,0,No Oil Spill
class_0_02614.jpg,Class_0/class_0_02614.jpg,0,No Oil Spill
class_1_00295.jpg,Class_1/class_1_00295.jpg,1,Oil Spill
class_0_02989.jpg,Class_0/class_0_02989.jpg,0,No Oil Spill
class_0_01554.jpg,Class_0/class_0_01554.jpg,0,No Oil Spill
class_1_01696.jpg,Class_1/class_1_01696.jpg,1,Oil Spill
class_0_00502.jpg,Class_0/class_0_00502.jpg,0,No Oil Spill
class_1_00013.jpg,Class_1/class_1_00013.jpg,1,Oil Spill
class_1_00802.jpg,Class_1/class_1_00802.jpg,1,Oil Spill
class_0_02002.jpg,Class_0/class_0_02002.jpg,0,No Oil Spill
class_0_01022.jpg,Class_0/class_0_01022.jpg,0,No Oil Spill
class_1_01562.jpg,Class_1/class_1_01562.jpg,1,Oil Spill
class_0_00334.jpg,Class_0/class_0_00334.jpg,0,No Oil Spill
class_0_02219.jpg,Class_0/class_0_02219.jpg,0,No Oil Spill
class_0_01199.jpg,Class_0/class_0_01199.jpg,0,No Oil Spill
class_1_00004.jpg,Class_1/class_1_00004.jpg,1,Oil Spill
class_0_02992.jpg,Class_0/class_0_02992.jpg,0,No Oil Spill
class_0_00934.jpg,Class_0/class_0_00934.jpg,0,No Oil Spill
class_0_00312.jpg,Class_0/class_0_00312.jpg,0,No Oil Spill
class_0_00347.jpg,Class_0/class_0_00347.jpg,0,No Oil Spill
class_1_00764.jpg,Class_1/class_1_00764.jpg,1,Oil Spill
class_0_01905.jpg,Class_0/class_0_01905.jpg,0,No Oil Spill
class_0_01275.jpg,Class_0/class_0_01275.jpg,0,No Oil Spill
class_0_01310.jpg,Class_0/class_0_01310.jpg,0,No Oil Spill
class_0_01892.jpg,Class_0/class_0_01892.jpg,0,No Oil Spill
class_0_00103.jpg,Class_0/class_0_00103.jpg,0,No Oil Spill
class_1_00085.jpg,Class_1/class_1_00085.jpg,1,Oil Spill
class_0_00924.jpg,Class_0/class_0_00924.jpg,0,No Oil Spill
class_1_00831.jpg,Class_1/class_1_00831.jpg,1,Oil Spill
class_0_00936.jpg,Class_0/class_0_00936.jpg,0,No Oil Spill
class_1_00981.jpg,Class_1/class_1_00981.jpg,1,Oil Spill
class_1_00411.jpg,Class_1/class_1_00411.jpg,1,Oil Spill
class_0_02123.jpg,Class_0/class_0_02123.jpg,0,No Oil Spill
class_1_01198.jpg,Class_1/class_1_01198.jpg,1,Oil Spill
class_0_01546.jpg,Class_0/class_0_01546.jpg,0,No Oil Spill
class_1_01601.jpg,Class_1/class_1_01601.jpg,1,Oil Spill
class_0_02115.jpg,Class_0/class_0_02115.jpg,0,No Oil Spill
class_0_00457.jpg,Class_0/class_0_00457.jpg,0,No Oil Spill
class_0_00370.jpg,Class_0/class_0_00370.jpg,0,No Oil Spill
class_1_01769.jpg,Class_1/class_1_01769.jpg,1,Oil Spill
class_0_03619.jpg,Class_0/class_0_03619.jpg,0,No Oil Spill
class_0_02076.jpg,Class_0/class_0_02076.jpg,0,No Oil Spill
class_0_00018.jpg,Class_0/class_0_00018.jpg,0,No Oil Spill
class_0_02725.jpg,Class_0/class_0_02725.jpg,0,No Oil Spill
class_0_02073.jpg,Class_0/class_0_02073.jpg,0,No Oil Spill
class_1_01588.jpg,Class_1/class_1_01588.jpg,1,Oil Spill
class_1_00182.jpg,Class_1/class_1_00182.jpg,1,Oil Spill
class_0_00652.jpg,Class_0/class_0_00652.jpg,0,No Oil Spill
class_0_01325.jpg,Class_0/class_0_01325.jpg,0,No Oil Spill
class_1_01101.jpg,Class_1/class_1_01101.jpg,1,Oil Spill
class_0_03410.jpg,Class_0/class_0_03410.jpg,0,No Oil Spill
class_0_02245.jpg,Class_0/class_0_02245.jpg,0,No Oil Spill
class_0_01881.jpg,Class_0/class_0_01881.jpg,0,No Oil Spill
class_0_02587.jpg,Class_0/class_0_02587.jpg,0,No Oil Spill
class_0_03134.jpg,Class_0/class_0_03134.jpg,0,No Oil Spill
class_1_00584.jpg,Class_1/class_1_00584.jpg,1,Oil Spill
class_0_01994.jpg,Class_0/class_0_01994.jpg,0,No Oil Spill
class_0_00516.jpg,Class_0/class_0_00516.jpg,0,No Oil Spill
class_0_01518.jpg,Class_0/class_0_01518.jpg,0,No Oil Spill
class_1_00323.jpg,Class_1/class_1_00323.jpg,1,Oil Spill
class_1_00893.jpg,Class_1/class_1_00893.jpg,1,Oil Spill
class_0_02197.jpg,Class_0/class_0_02197.jpg,0,No Oil Spill
class_0_01476.jpg,Class_0/class_0_01476.jpg,0,No Oil Spill
class_0_01827.jpg,Class_0/class_0_01827.jpg,0,No Oil Spill
class_0_00660.jpg,Class_0/class_0_00660.jpg,0,No Oil Spill
class_0_03279.jpg,Class_0/class_0_03279.jpg,0,No Oil Spill
class_1_01121.jpg,Class_1/class_1_01121.jpg,1,Oil Spill
class_0_02938.jpg,Class_0/class_0_02938.jpg,0,No Oil Spill
class_0_02698.jpg,Class_0/class_0_02698.jpg,0,No Oil Spill
class_1_01080.jpg,Class_1/class_1_01080.jpg,1,Oil Spill
class_0_01622.jpg,Class_0/class_0_01622.jpg,0,No Oil Spill
class_0_01268.jpg,Class_0/class_0_01268.jpg,0,No Oil Spill
class_0_02119.jpg,Class_0/class_0_02119.jpg,0,No Oil Spill
class_0_00763.jpg,Class_0/class_0_00763.jpg,0,No Oil Spill
class_1_01110.jpg,Class_1/class_1_01110.jpg,1,Oil Spill
class_0_03652.jpg,Class_0/class_0_03652.jpg,0,No Oil Spill
class_1_00654.jpg,Class_1/class_1_00654.jpg,1,Oil Spill
class_0_02966.jpg,Class_0/class_0_02966.jpg,0,No Oil Spill
class_1_01710.jpg,Class_1/class_1_01710.jpg,1,Oil Spill
class_1_00974.jpg,Class_1/class_1_00974.jpg,1,Oil Spill
class_0_00394.jpg,Class_0/class_0_00394.jpg,0,No Oil Spill
class_0_00867.jpg,Class_0/class_0_00867.jpg,0,No Oil Spill
class_0_02086.jpg,Class_0/class_0_02086.jpg,0,No Oil Spill
class_0_00007.jpg,Class_0/class_0_00007.jpg,0,No Oil Spill
class_0_03139.jpg,Class_0/class_0_03139.jpg,0,No Oil Spill
class_0_02787.jpg,Class_0/class_0_02787.jpg,0,No Oil Spill
class_0_01748.jpg,Class_0/class_0_01748.jpg,0,No Oil Spill
class_0_00216.jpg,Class_0/class_0_00216.jpg,0,No Oil Spill
class_1_01444.jpg,Class_1/class_1_01444.jpg,1,Oil Spill
class_0_03238.jpg,Class_0/class_0_03238.jpg,0,No Oil Spill
class_0_00841.jpg,Class_0/class_0_00841.jpg,0,No Oil Spill
class_0_02237.jpg,Class_0/class_0_02237.jpg,0,No Oil Spill
class_1_00377.jpg,Class_1/class_1_00377.jpg,1,Oil Spill
class_0_01304.jpg,Class_0/class_0_01304.jpg,0,No Oil Spill
class_0_02959.jpg,Class_0/class_0_02959.jpg,0,No Oil Spill
class_1_01014.jpg,Class_1/class_1_01014.jpg,1,Oil Spill
class_1_01301.jpg,Class_1/class_1_01301.jpg,1,Oil Spill
class_0_03027.jpg,Class_0/class_0_03027.jpg,0,No Oil Spill
class_0_00900.jpg,Class_0/class_0_00900.jpg,0,No Oil Spill
class_1_00508.jpg,Class_1/class_1_00508.jpg,1,Oil Spill
class_1_01305.jpg,Class_1/class_1_01305.jpg,1,Oil Spill
class_0_00275.jpg,Class_0/class_0_00275.jpg,0,No Oil Spill
class_0_03083.jpg,Class_0/class_0_03083.jpg,0,No Oil Spill
class_1_00498.jpg,Class_1/class_1_00498.jpg,1,Oil Spill
class_1_00972.jpg,Class_1/class_1_00972.jpg,1,Oil Spill
class_1_01123.jpg,Class_1/class_1_01123.jpg,1,Oil Spill
class_0_02412.jpg,Class_0/class_0_02412.jpg,0,No Oil Spill
class_1_01715.jpg,Class_1/class_1_01715.jpg,1,Oil Spill
class_1_01719.jpg,Class_1/class_1_01719.jpg,1,Oil Spill
class_0_02778.jpg,Class_0/class_0_02778.jpg,0,No Oil Spill
class_0_01799.jpg,Class_0/class_0_01799.jpg,0,No Oil Spill
class_0_03599.jpg,Class_0/class_0_03599.jpg,0,No Oil Spill
class_0_03687.jpg,Class_0/class_0_03687.jpg,0,No Oil Spill
class_0_03412.jpg,Class_0/class_0_03412.jpg,0,No Oil Spill
class_0_02849.jpg,Class_0/class_0_02849.jpg,0,No Oil Spill
class_0_00011.jpg,Class_0/class_0_00011.jpg,0,No Oil Spill
class_0_00565.jpg,Class_0/class_0_00565.jpg,0,No Oil Spill
class_1_01642.jpg,Class_1/class_1_01642.jpg,1,Oil Spill
class_0_01385.jpg,Class_0/class_0_01385.jpg,0,No Oil Spill
class_0_03138.jpg,Class_0/class_0_03138.jpg,0,No Oil Spill
class_1_01506.jpg,Class_1/class_1_01506.jpg,1,Oil Spill
class_0_03573.jpg,Class_0/class_0_03573.jpg,0,No Oil Spill
class_1_00823.jpg,Class_1/class_1_00823.jpg,1,Oil Spill
class_1_01048.jpg,Class_1/class_1_01048.jpg,1,Oil Spill
class_1_00352.jpg,Class_1/class_1_00352.jpg,1,Oil Spill
class_0_02356.jpg,Class_0/class_0_02356.jpg,0,No Oil Spill
class_0_03548.jpg,Class_0/class_0_03548.jpg,0,No Oil Spill
class_0_00086.jpg,Class_0/class_0_00086.jpg,0,No Oil Spill
class_0_01335.jpg,Class_0/class_0_01335.jpg,0,No Oil Spill
class_0_01576.jpg,Class_0/class_0_01576.jpg,0,No Oil Spill
class_1_00730.jpg,Class_1/class_1_00730.jpg,1,Oil Spill
class_0_00935.jpg,Class_0/class_0_00935.jpg,0,No Oil Spill
class_0_01562.jpg,Class_0/class_0_01562.jpg,0,No Oil Spill
class_1_01191.jpg,Class_1/class_1_01191.jpg,1,Oil Spill
class_0_02695.jpg,Class_0/class_0_02695.jpg,0,No Oil Spill
class_0_00558.jpg,Class_0/class_0_00558.jpg,0,No Oil Spill
class_1_00670.jpg,Class_1/class_1_00670.jpg,1,Oil Spill
class_0_03442.jpg,Class_0/class_0_03442.jpg,0,No Oil Spill
class_0_02843.jpg,Class_0/class_0_02843.jpg,0,No Oil Spill
class_0_01802.jpg,Class_0/class_0_01802.jpg,0,No Oil Spill
class_0_01188.jpg,Class_0/class_0_01188.jpg,0,No Oil Spill
class_0_01251.jpg,Class_0/class_0_01251.jpg,0,No Oil Spill
class_0_03113.jpg,Class_0/class_0_03113.jpg,0,No Oil Spill
class_0_03362.jpg,Class_0/class_0_03362.jpg,0,No Oil Spill
class_1_01353.jpg,Class_1/class_1_01353.jpg,1,Oil Spill
class_0_01103.jpg,Class_0/class_0_01103.jpg,0,No Oil Spill
class_0_00696.jpg,Class_0/class_0_00696.jpg,0,No Oil Spill
class_0_00085.jpg,Class_0/class_0_00085.jpg,0,No Oil Spill
class_0_00350.jpg,Class_0/class_0_00350.jpg,0,No Oil Spill
class_1_00854.jpg,Class_1/class_1_00854.jpg,1,Oil Spill
class_0_01339.jpg,Class_0/class_0_01339.jpg,0,No Oil Spill
class_0_00278.jpg,Class_0/class_0_00278.jpg,0,No Oil Spill
class_1_00592.jpg,Class_1/class_1_00592.jpg,1,Oil Spill
class_0_00044.jpg,Class_0/class_0_00044.jpg,0,No Oil Spill
class_1_01380.jpg,Class_1/class_1_01380.jpg,1,Oil Spill
class_1_01032.jpg,Class_1/class_1_01032.jpg,1,Oil Spill
class_0_01548.jpg,Class_0/class_0_01548.jpg,0,No Oil Spill
class_1_01716.jpg,Class_1/class_1_01716.jpg,1,Oil Spill
class_0_01732.jpg,Class_0/class_0_01732.jpg,0,No Oil Spill
class_0_00560.jpg,Class_0/class_0_00560.jpg,0,No Oil Spill
class_1_01404.jpg,Class_1/class_1_01404.jpg,1,Oil Spill
class_0_01332.jpg,Class_0/class_0_01332.jpg,0,No Oil Spill
class_1_01407.jpg,Class_1/class_1_01407.jpg,1,Oil Spill
class_0_01023.jpg,Class_0/class_0_01023.jpg,0,No Oil Spill
class_0_01897.jpg,Class_0/class_0_01897.jpg,0,No Oil Spill
class_0_01741.jpg,Class_0/class_0_01741.jpg,0,No Oil Spill
class_1_01369.jpg,Class_1/class_1_01369.jpg,1,Oil Spill
class_1_01539.jpg,Class_1/class_1_01539.jpg,1,Oil Spill
class_0_03267.jpg,Class_0/class_0_03267.jpg,0,No Oil Spill
class_0_01033.jpg,Class_0/class_0_01033.jpg,0,No Oil Spill
class_0_01210.jpg,Class_0/class_0_01210.jpg,0,No Oil Spill
class_1_01329.jpg,Class_1/class_1_01329.jpg,1,Oil Spill
class_1_01058.jpg,Class_1/class_1_01058.jpg,1,Oil Spill
class_0_03532.jpg,Class_0/class_0_03532.jpg,0,No Oil Spill
class_0_00715.jpg,Class_0/class_0_00715.jpg,0,No Oil Spill
class_0_02055.jpg,Class_0/class_0_02055.jpg,0,No Oil Spill
class_0_02042.jpg,Class_0/class_0_02042.jpg,0,No Oil Spill
class_0_01307.jpg,Class_0/class_0_01307.jpg,0,No Oil Spill
class_0_01115.jpg,Class_0/class_0_01115.jpg,0,No Oil Spill
class_0_01277.jpg,Class_0/class_0_01277.jpg,0,No Oil Spill
class_1_01443.jpg,Class_1/class_1_01443.jpg,1,Oil Spill
class_0_02257.jpg,Class_0/class_0_02257.jpg,0,No Oil Spill
class_1_00743.jpg,Class_1/class_1_00743.jpg,1,Oil Spill
class_0_01312.jpg,Class_0/class_0_01312.jpg,0,No Oil Spill
class_0_01290.jpg,Class_0/class_0_01290.jpg,0,No Oil Spill
class_1_00704.jpg,Class_1/class_1_00704.jpg,1,Oil Spill
class_0_03319.jpg,Class_0/class_0_03319.jpg,0,No Oil Spill
class_0_02901.jpg,Class_0/class_0_02901.jpg,0,No Oil Spill
class_0_00402.jpg,Class_0/class_0_00402.jpg,0,No Oil Spill
class_1_00469.jpg,Class_1/class_1_00469.jpg,1,Oil Spill
class_0_03008.jpg,Class_0/class_0_03008.jpg,0,No Oil Spill
class_1_00942.jpg,Class_1/class_1_00942.jpg,1,Oil Spill
class_1_01095.jpg,Class_1/class_1_01095.jpg,1,Oil Spill
class_1_01803.jpg,Class_1/class_1_01803.jpg,1,Oil Spill
class_0_03398.jpg,Class_0/class_0_03398.jpg,0,No Oil Spill
class_0_03122.jpg,Class_0/class_0_03122.jpg,0,No Oil Spill
class_0_00585.jpg,Class_0/class_0_00585.jpg,0,No Oil Spill
class_1_01586.jpg,Class_1/class_1_01586.jpg,1,Oil Spill
class_0_00727.jpg,Class_0/class_0_00727.jpg,0,No Oil Spill
class_1_01281.jpg,Class_1/class_1_01281.jpg,1,Oil Spill
class_0_01049.jpg,Class_0/class_0_01049.jpg,0,No Oil Spill
class_0_01391.jpg,Class_0/class_0_01391.jpg,0,No Oil Spill
class_1_01472.jpg,Class_1/class_1_01472.jpg,1,Oil Spill
class_0_01930.jpg,Class_0/class_0_01930.jpg,0,No Oil Spill
class_1_01440.jpg,Class_1/class_1_01440.jpg,1,Oil Spill
class_1_00379.jpg,Class_1/class_1_00379.jpg,1,Oil Spill
class_1_01578.jpg,Class_1/class_1_01578.jpg,1,Oil Spill
class_1_01791.jpg,Class_1/class_1_01791.jpg,1,Oil Spill
class_1_01227.jpg,Class_1/class_1_01227.jpg,1,Oil Spill
class_0_03031.jpg,Class_0/class_0_03031.jpg,0,No Oil Spill
class_1_00036.jpg,Class_1/class_1_00036.jpg,1,Oil Spill
class_1_00987.jpg,Class_1/class_1_00987.jpg,1,Oil Spill
class_0_01250.jpg,Class_0/class_0_01250.jpg,0,No Oil Spill
class_0_01927.jpg,Class_0/class_0_01927.jpg,0,No Oil Spill
class_0_03609.jpg,Class_0/class_0_03609.jpg,0,No Oil Spill
class_0_01733.jpg,Class_0/class_0_01733.jpg,0,No Oil Spill
class_0_01320.jpg,Class_0/class_0_01320.jpg,0,No Oil Spill
class_0_01988.jpg,Class_0/class_0_01988.jpg,0,No Oil Spill
class_0_01083.jpg,Class_0/class_0_01083.jpg,0,No Oil Spill
class_1_00945.jpg,Class_1/class_1_00945.jpg,1,Oil Spill
class_0_03068.jpg,Class_0/class_0_03068.jpg,0,No Oil Spill
class_0_02473.jpg,Class_0/class_0_02473.jpg,0,No Oil Spill
class_0_00346.jpg,Class_0/class_0_00346.jpg,0,No Oil Spill
class_0_01297.jpg,Class_0/class_0_01297.jpg,0,No Oil Spill
class_0_00590.jpg,Class_0/class_0_00590.jpg,0,No Oil Spill
class_1_01707.jpg,Class_1/class_1_01707.jpg,1,Oil Spill
class_1_01665.jpg,Class_1/class_1_01665.jpg,1,Oil Spill
class_0_01971.jpg,Class_0/class_0_01971.jpg,0,No Oil Spill
class_0_03566.jpg,Class_0/class_0_03566.jpg,0,No Oil Spill
class_1_01066.jpg,Class_1/class_1_01066.jpg,1,Oil Spill
class_1_00847.jpg,Class_1/class_1_00847.jpg,1,Oil Spill
class_0_02187.jpg,Class_0/class_0_02187.jpg,0,No Oil Spill
class_1_00035.jpg,Class_1/class_1_00035.jpg,1,Oil Spill
class_0_02308.jpg,Class_0/class_0_02308.jpg,0,No Oil Spill
class_0_03502.jpg,Class_0/class_0_03502.jpg,0,No Oil Spill
class_1_00325.jpg,Class_1/class_1_00325.jpg,1,Oil Spill
class_0_03425.jpg,Class_0/class_0_03425.jpg,0,No Oil Spill
class_0_02378.jpg,Class_0/class_0_02378.jpg,0,No Oil Spill
class_1_00672.jpg,Class_1/class_1_00672.jpg,1,Oil Spill
class_0_02985.jpg,Class_0/class_0_02985.jpg,0,No Oil Spill
class_1_00134.jpg,Class_1/class_1_00134.jpg,1,Oil Spill
class_1_00345.jpg,Class_1/class_1_00345.jpg,1,Oil Spill
class_0_01141.jpg,Class_0/class_0_01141.jpg,0,No Oil Spill
class_1_00697.jpg,Class_1/class_1_00697.jpg,1,Oil Spill
class_1_00721.jpg,Class_1/class_1_00721.jpg,1,Oil Spill
class_1_01532.jpg,Class_1/class_1_01532.jpg,1,Oil Spill
class_0_02163.jpg,Class_0/class_0_02163.jpg,0,No Oil Spill
class_0_00828.jpg,Class_0/class_0_00828.jpg,0,No Oil Spill
class_0_02659.jpg,Class_0/class_0_02659.jpg,0,No Oil Spill
class_0_02692.jpg,Class_0/class_0_02692.jpg,0,No Oil Spill
class_0_03381.jpg,Class_0/class_0_03381.jpg,0,No Oil Spill
class_0_03146.jpg,Class_0/class_0_03146.jpg,0,No Oil Spill
class_0_01737.jpg,Class_0/class_0_01737.jpg,0,No Oil Spill
class_1_01412.jpg,Class_1/class_1_01412.jpg,1,Oil Spill
class_1_00838.jpg,Class_1/class_1_00838.jpg,1,Oil Spill
class_0_02977.jpg,Class_0/class_0_02977.jpg,0,No Oil Spill
class_0_03108.jpg,Class_0/class_0_03108.jpg,0,No Oil Spill
class_0_03203.jpg,Class_0/class_0_03203.jpg,0,No Oil Spill
class_1_01794.jpg,Class_1/class_1_01794.jpg,1,Oil Spill
class_0_02051.jpg,Class_0/class_0_02051.jpg,0,No Oil Spill
class_0_01348.jpg,Class_0/class_0_01348.jpg,0,No Oil Spill
class_0_01497.jpg,Class_0/class_0_01497.jpg,0,No Oil Spill
class_0_00388.jpg,Class_0/class_0_00388.jpg,0,No Oil Spill
class_0_00663.jpg,Class_0/class_0_00663.jpg,0,No Oil Spill
class_1_01828.jpg,Class_1/class_1_01828.jpg,1,Oil Spill
class_0_00688.jpg,Class_0/class_0_00688.jpg,0,No Oil Spill
class_0_03247.jpg,Class_0/class_0_03247.jpg,0,No Oil Spill
class_0_01669.jpg,Class_0/class_0_01669.jpg,0,No Oil Spill
class_0_01415.jpg,Class_0/class_0_01415.jpg,0,No Oil Spill
class_0_00810.jpg,Class_0/class_0_00810.jpg,0,No Oil Spill
class_0_02860.jpg,Class_0/class_0_02860.jpg,0,No Oil Spill
class_0_02112.jpg,Class_0/class_0_02112.jpg,0,No Oil Spill
class_0_00126.jpg,Class_0/class_0_00126.jpg,0,No Oil Spill
class_0_02332.jpg,Class_0/class_0_02332.jpg,0,No Oil Spill
class_0_02160.jpg,Class_0/class_0_02160.jpg,0,No Oil Spill
class_0_00509.jpg,Class_0/class_0_00509.jpg,0,No Oil Spill
class_0_00207.jpg,Class_0/class_0_00207.jpg,0,No Oil Spill
class_0_01475.jpg,Class_0/class_0_01475.jpg,0,No Oil Spill
class_0_00033.jpg,Class_0/class_0_00033.jpg,0,No Oil Spill
class_0_01586.jpg,Class_0/class_0_01586.jpg,0,No Oil Spill
class_1_01183.jpg,Class_1/class_1_01183.jpg,1,Oil Spill
class_0_02595.jpg,Class_0/class_0_02595.jpg,0,No Oil Spill
class_0_02166.jpg,Class_0/class_0_02166.jpg,0,No Oil Spill
class_1_01458.jpg,Class_1/class_1_01458.jpg,1,Oil Spill
class_0_00909.jpg,Class_0/class_0_00909.jpg,0,No Oil Spill
class_0_02392.jpg,Class_0/class_0_02392.jpg,0,No Oil Spill
class_0_02211.jpg,Class_0/class_0_02211.jpg,0,No Oil Spill
class_0_02946.jpg,Class_0/class_0_02946.jpg,0,No Oil Spill
class_0_01667.jpg,Class_0/class_0_01667.jpg,0,No Oil Spill
class_0_02503.jpg,Class_0/class_0_02503.jpg,0,No Oil Spill
class_0_00487.jpg,Class_0/class_0_00487.jpg,0,No Oil Spill
class_0_01439.jpg,Class_0/class_0_01439.jpg,0,No Oil Spill
class_0_02867.jpg,Class_0/class_0_02867.jpg,0,No Oil Spill
class_0_01584.jpg,Class_0/class_0_01584.jpg,0,No Oil Spill
class_1_00383.jpg,Class_1/class_1_00383.jpg,1,Oil Spill
class_1_00011.jpg,Class_1/class_1_00011.jpg,1,Oil Spill
class_1_00997.jpg,Class_1/class_1_00997.jpg,1,Oil Spill
class_1_00045.jpg,Class_1/class_1_00045.jpg,1,Oil Spill
class_1_00419.jpg,Class_1/class_1_00419.jpg,1,Oil Spill
class_1_01130.jpg,Class_1/class_1_01130.jpg,1,Oil Spill
class_1_00922.jpg,Class_1/class_1_00922.jpg,1,Oil Spill
class_0_00958.jpg,Class_0/class_0_00958.jpg,0,No Oil Spill
class_0_01792.jpg,Class_0/class_0_01792.jpg,0,No Oil Spill
class_0_02653.jpg,Class_0/class_0_02653.jpg,0,No Oil Spill
class_1_00865.jpg,Class_1/class_1_00865.jpg,1,Oil Spill
class_0_03542.jpg,Class_0/class_0_03542.jpg,0,No Oil Spill
class_1_01512.jpg,Class_1/class_1_01512.jpg,1,Oil Spill
class_0_00977.jpg,Class_0/class_0_00977.jpg,0,No Oil Spill
class_0_00462.jpg,Class_0/class_0_00462.jpg,0,No Oil Spill
class_0_01299.jpg,Class_0/class_0_01299.jpg,0,No Oil Spill
class_1_01531.jpg,Class_1/class_1_01531.jpg,1,Oil Spill
class_1_00948.jpg,Class_1/class_1_00948.jpg,1,Oil Spill
class_1_01088.jpg,Class_1/class_1_01088.jpg,1,Oil Spill
class_0_00835.jpg,Class_0/class_0_00835.jpg,0,No Oil Spill
class_1_01403.jpg,Class_1/class_1_01403.jpg,1,Oil Spill
class_0_02105.jpg,Class_0/class_0_02105.jpg,0,No Oil Spill
class_0_00359.jpg,Class_0/class_0_00359.jpg,0,No Oil Spill
class_0_03476.jpg,Class_0/class_0_03476.jpg,0,No Oil Spill
class_1_00985.jpg,Class_1/class_1_00985.jpg,1,Oil Spill
class_1_01831.jpg,Class_1/class_1_01831.jpg,1,Oil Spill
class_1_01385.jpg,Class_1/class_1_01385.jpg,1,Oil Spill
class_0_01137.jpg,Class_0/class_0_01137.jpg,0,No Oil Spill
class_1_00286.jpg,Class_1/class_1_00286.jpg,1,Oil Spill
class_0_01607.jpg,Class_0/class_0_01607.jpg,0,No Oil Spill
class_0_03373.jpg,Class_0/class_0_03373.jpg,0,No Oil Spill
class_0_02647.jpg,Class_0/class_0_02647.jpg,0,No Oil Spill
class_0_02011.jpg,Class_0/class_0_02011.jpg,0,No Oil Spill
class_0_01801.jpg,Class_0/class_0_01801.jpg,0,No Oil Spill
class_0_00321.jpg,Class_0/class_0_00321.jpg,0,No Oil Spill
class_0_00384.jpg,Class_0/class_0_00384.jpg,0,No Oil Spill
class_0_00473.jpg,Class_0/class_0_00473.jpg,0,No Oil Spill
class_0_02780.jpg,Class_0/class_0_02780.jpg,0,No Oil Spill
class_0_02149.jpg,Class_0/class_0_02149.jpg,0,No Oil Spill
class_0_02845.jpg,Class_0/class_0_02845.jpg,0,No Oil Spill
class_0_03513.jpg,Class_0/class_0_03513.jpg,0,No Oil Spill
class_0_00993.jpg,Class_0/class_0_00993.jpg,0,No Oil Spill
class_1_00211.jpg,Class_1/class_1_00211.jpg,1,Oil Spill
class_0_02260.jpg,Class_0/class_0_02260.jpg,0,No Oil Spill
class_0_02810.jpg,Class_0/class_0_02810.jpg,0,No Oil Spill
class_1_00285.jpg,Class_1/class_1_00285.jpg,1,Oil Spill
class_0_02916.jpg,Class_0/class_0_02916.jpg,0,No Oil Spill
class_1_00299.jpg,Class_1/class_1_00299.jpg,1,Oil Spill
class_0_01316.jpg,Class_0/class_0_01316.jpg,0,No Oil Spill
class_0_02355.jpg,Class_0/class_0_02355.jpg,0,No Oil Spill
class_1_00617.jpg,Class_1/class_1_00617.jpg,1,Oil Spill
class_1_00897.jpg,Class_1/class_1_00897.jpg,1,Oil Spill
class_1_01035.jpg,Class_1/class_1_01035.jpg,1,Oil Spill
class_1_01688.jpg,Class_1/class_1_01688.jpg,1,Oil Spill
class_0_03154.jpg,Class_0/class_0_03154.jpg,0,No Oil Spill
class_0_01600.jpg,Class_0/class_0_01600.jpg,0,No Oil Spill
class_1_00958.jpg,Class_1/class_1_00958.jpg,1,Oil Spill
class_1_01075.jpg,Class_1/class_1_01075.jpg,1,Oil Spill
class_0_03351.jpg,Class_0/class_0_03351.jpg,0,No Oil Spill
class_1_00117.jpg,Class_1/class_1_00117.jpg,1,Oil Spill
class_0_03661.jpg,Class_0/class_0_03661.jpg,0,No Oil Spill
class_0_00419.jpg,Class_0/class_0_00419.jpg,0,No Oil Spill
class_1_01090.jpg,Class_1/class_1_01090.jpg,1,Oil Spill
class_0_00971.jpg,Class_0/class_0_00971.jpg,0,No Oil Spill
class_0_02460.jpg,Class_0/class_0_02460.jpg,0,No Oil Spill
class_1_01421.jpg,Class_1/class_1_01421.jpg,1,Oil Spill
class_1_00372.jpg,Class_1/class_1_00372.jpg,1,Oil Spill
class_0_02272.jpg,Class_0/class_0_02272.jpg,0,No Oil Spill
class_1_00801.jpg,Class_1/class_1_00801.jpg,1,Oil Spill
class_1_01234.jpg,Class_1/class_1_01234.jpg,1,Oil Spill
class_0_03492.jpg,Class_0/class_0_03492.jpg,0,No Oil Spill
class_0_03640.jpg,Class_0/class_0_03640.jpg,0,No Oil Spill
class_0_00628.jpg,Class_0/class_0_00628.jpg,0,No Oil Spill
class_0_01438.jpg,Class_0/class_0_01438.jpg,0,No Oil Spill
class_1_01251.jpg,Class_1/class_1_01251.jpg,1,Oil Spill
class_1_01291.jpg,Class_1/class_1_01291.jpg,1,Oil Spill
class_1_00497.jpg,Class_1/class_1_00497.jpg,1,Oil Spill
class_0_01046.jpg,Class_0/class_0_01046.jpg,0,No Oil Spill
class_1_00710.jpg,Class_1/class_1_00710.jpg,1,Oil Spill
class_0_00579.jpg,Class_0/class_0_00579.jpg,0,No Oil Spill
class_0_02143.jpg,Class_0/class_0_02143.jpg,0,No Oil Spill
class_0_00584.jpg,Class_0/class_0_00584.jpg,0,No Oil Spill
class_0_00574.jpg,Class_0/class_0_00574.jpg,0,No Oil Spill
class_0_02162.jpg,Class_0/class_0_02162.jpg,0,No Oil Spill
class_1_00351.jpg,Class_1/class_1_00351.jpg,1,Oil Spill
class_0_03258.jpg,Class_0/class_0_03258.jpg,0,No Oil Spill
class_0_03507.jpg,Class_0/class_0_03507.jpg,0,No Oil Spill
class_0_00505.jpg,Class_0/class_0_00505.jpg,0,No Oil Spill
class_0_01063.jpg,Class_0/class_0_01063.jpg,0,No Oil Spill
class_0_00180.jpg,Class_0/class_0_00180.jpg,0,No Oil Spill
class_0_01057.jpg,Class_0/class_0_01057.jpg,0,No Oil Spill
class_0_01016.jpg,Class_0/class_0_01016.jpg,0,No Oil Spill
class_0_03260.jpg,Class_0/class_0_03260.jpg,0,No Oil Spill
class_1_01357.jpg,Class_1/class_1_01357.jpg,1,Oil Spill
class_0_01256.jpg,Class_0/class_0_01256.jpg,0,No Oil Spill
class_0_03672.jpg,Class_0/class_0_03672.jpg,0,No Oil Spill
class_0_02616.jpg,Class_0/class_0_02616.jpg,0,No Oil Spill
class_1_01434.jpg,Class_1/class_1_01434.jpg,1,Oil Spill
class_1_00862.jpg,Class_1/class_1_00862.jpg,1,Oil Spill
class_0_02781.jpg,Class_0/class_0_02781.jpg,0,No Oil Spill
class_0_03243.jpg,Class_0/class_0_03243.jpg,0,No Oil Spill
class_0_00876.jpg,Class_0/class_0_00876.jpg,0,No Oil Spill
class_0_02870.jpg,Class_0/class_0_02870.jpg,0,No Oil Spill
class_0_02561.jpg,Class_0/class_0_02561.jpg,0,No Oil Spill
class_0_00342.jpg,Class_0/class_0_00342.jpg,0,No Oil Spill
class_0_01989.jpg,Class_0/class_0_01989.jpg,0,No Oil Spill
class_0_03531.jpg,Class_0/class_0_03531.jpg,0,No Oil Spill
class_1_00765.jpg,Class_1/class_1_00765.jpg,1,Oil Spill
class_0_02425.jpg,Class_0/class_0_02425.jpg,0,No Oil Spill
class_0_02528.jpg,Class_0/class_0_02528.jpg,0,No Oil Spill
class_0_02813.jpg,Class_0/class_0_02813.jpg,0,No Oil Spill
class_0_01843.jpg,Class_0/class_0_01843.jpg,0,No Oil Spill
class_0_02296.jpg,Class_0/class_0_02296.jpg,0,No Oil Spill
class_0_01711.jpg,Class_0/class_0_01711.jpg,0,No Oil Spill
class_0_01244.jpg,Class_0/class_0_01244.jpg,0,No Oil Spill
class_0_01356.jpg,Class_0/class_0_01356.jpg,0,No Oil Spill
class_1_00853.jpg,Class_1/class_1_00853.jpg,1,Oil Spill
class_0_01174.jpg,Class_0/class_0_01174.jpg,0,No Oil Spill
class_0_01727.jpg,Class_0/class_0_01727.jpg,0,No Oil Spill
class_1_01637.jpg,Class_1/class_1_01637.jpg,1,Oil Spill
class_0_01788.jpg,Class_0/class_0_01788.jpg,0,No Oil Spill
class_0_01126.jpg,Class_0/class_0_01126.jpg,0,No Oil Spill
class_0_01322.jpg,Class_0/class_0_01322.jpg,0,No Oil Spill
class_1_00253.jpg,Class_1/class_1_00253.jpg,1,Oil Spill
class_0_02861.jpg,Class_0/class_0_02861.jpg,0,No Oil Spill
class_0_03525.jpg,Class_0/class_0_03525.jpg,0,No Oil Spill
class_0_01664.jpg,Class_0/class_0_01664.jpg,0,No Oil Spill
class_0_01446.jpg,Class_0/class_0_01446.jpg,0,No Oil Spill
class_1_00207.jpg,Class_1/class_1_00207.jpg,1,Oil Spill
class_1_01309.jpg,Class_1/class_1_01309.jpg,1,Oil Spill
class_0_00570.jpg,Class_0/class_0_00570.jpg,0,No Oil Spill
class_0_00358.jpg,Class_0/class_0_00358.jpg,0,No Oil Spill
class_0_02098.jpg,Class_0/class_0_02098.jpg,0,No Oil Spill
class_1_00817.jpg,Class_1/class_1_00817.jpg,1,Oil Spill
class_1_00786.jpg,Class_1/class_1_00786.jpg,1,Oil Spill
class_1_00816.jpg,Class_1/class_1_00816.jpg,1,Oil Spill
class_1_01638.jpg,Class_1/class_1_01638.jpg,1,Oil Spill
class_0_00582.jpg,Class_0/class_0_00582.jpg,0,No Oil Spill
class_1_01447.jpg,Class_1/class_1_01447.jpg,1,Oil Spill
class_0_01026.jpg,Class_0/class_0_01026.jpg,0,No Oil Spill
class_0_01882.jpg,Class_0/class_0_01882.jpg,0,No Oil Spill
class_0_02898.jpg,Class_0/class_0_02898.jpg,0,No Oil Spill
class_1_01211.jpg,Class_1/class_1_01211.jpg,1,Oil Spill
class_0_02538.jpg,Class_0/class_0_02538.jpg,0,No Oil Spill
class_0_01003.jpg,Class_0/class_0_01003.jpg,0,No Oil Spill
class_1_00402.jpg,Class_1/class_1_00402.jpg,1,Oil Spill
class_0_03475.jpg,Class_0/class_0_03475.jpg,0,No Oil Spill
class_1_00852.jpg,Class_1/class_1_00852.jpg,1,Oil Spill
class_0_01818.jpg,Class_0/class_0_01818.jpg,0,No Oil Spill
class_1_00606.jpg,Class_1/class_1_00606.jpg,1,Oil Spill
class_0_01736.jpg,Class_0/class_0_01736.jpg,0,No Oil Spill
class_0_00186.jpg,Class_0/class_0_00186.jpg,0,No Oil Spill
class_0_02384.jpg,Class_0/class_0_02384.jpg,0,No Oil Spill
class_0_00791.jpg,Class_0/class_0_00791.jpg,0,No Oil Spill
class_0_00853.jpg,Class_0/class_0_00853.jpg,0,No Oil Spill
class_0_02113.jpg,Class_0/class_0_02113.jpg,0,No Oil Spill
class_0_03670.jpg,Class_0/class_0_03670.jpg,0,No Oil Spill
class_1_00575.jpg,Class_1/class_1_00575.jpg,1,Oil Spill
class_0_00417.jpg,Class_0/class_0_00417.jpg,0,No Oil Spill
class_1_00841.jpg,Class_1/class_1_00841.jpg,1,Oil Spill
class_0_01773.jpg,Class_0/class_0_01773.jpg,0,No Oil Spill
class_1_00341.jpg,Class_1/class_1_00341.jpg,1,Oil Spill
class_1_00574.jpg,Class_1/class_1_00574.jpg,1,Oil Spill
class_0_00919.jpg,Class_0/class_0_00919.jpg,0,No Oil Spill
class_0_00139.jpg,Class_0/class_0_00139.jpg,0,No Oil Spill
class_1_01118.jpg,Class_1/class_1_01118.jpg,1,Oil Spill
class_0_01403.jpg,Class_0/class_0_01403.jpg,0,No Oil Spill
class_1_00077.jpg,Class_1/class_1_00077.jpg,1,Oil Spill
class_0_00616.jpg,Class_0/class_0_00616.jpg,0,No Oil Spill
class_1_00875.jpg,Class_1/class_1_00875.jpg,1,Oil Spill
class_0_01248.jpg,Class_0/class_0_01248.jpg,0,No Oil Spill
class_1_01776.jpg,Class_1/class_1_01776.jpg,1,Oil Spill
class_0_00008.jpg,Class_0/class_0_00008.jpg,0,No Oil Spill
class_1_00965.jpg,Class_1/class_1_00965.jpg,1,Oil Spill
class_0_01972.jpg,Class_0/class_0_01972.jpg,0,No Oil Spill
class_0_02716.jpg,Class_0/class_0_02716.jpg,0,No Oil Spill
class_0_01784.jpg,Class_0/class_0_01784.jpg,0,No Oil Spill
class_0_02269.jpg,Class_0/class_0_02269.jpg,0,No Oil Spill
class_1_00705.jpg,Class_1/class_1_00705.jpg,1,Oil Spill
class_0_00901.jpg,Class_0/class_0_00901.jpg,0,No Oil Spill
class_0_00923.jpg,Class_0/class_0_00923.jpg,0,No Oil Spill
class_0_02573.jpg,Class_0/class_0_02573.jpg,0,No Oil Spill
class_0_02181.jpg,Class_0/class_0_02181.jpg,0,No Oil Spill
class_0_03280.jpg,Class_0/class_0_03280.jpg,0,No Oil Spill
class_0_01877.jpg,Class_0/class_0_01877.jpg,0,No Oil Spill
class_1_01433.jpg,Class_1/class_1_01433.jpg,1,Oil Spill
class_0_00552.jpg,Class_0/class_0_00552.jpg,0,No Oil Spill
class_0_02217.jpg,Class_0/class_0_02217.jpg,0,No Oil Spill
class_0_02357.jpg,Class_0/class_0_02357.jpg,0,No Oil Spill
class_1_00803.jpg,Class_1/class_1_00803.jpg,1,Oil Spill
class_1_01650.jpg,Class_1/class_1_01650.jpg,1,Oil Spill
class_0_00670.jpg,Class_0/class_0_00670.jpg,0,No Oil Spill
class_1_00989.jpg,Class_1/class_1_00989.jpg,1,Oil Spill
class_0_02403.jpg,Class_0/class_0_02403.jpg,0,No Oil Spill
class_0_02232.jpg,Class_0/class_0_02232.jpg,0,No Oil Spill
class_1_01319.jpg,Class_1/class_1_01319.jpg,1,Oil Spill
class_0_03402.jpg,Class_0/class_0_03402.jpg,0,No Oil Spill
class_1_01096.jpg,Class_1/class_1_01096.jpg,1,Oil Spill
class_0_01863.jpg,Class_0/class_0_01863.jpg,0,No Oil Spill
class_0_03029.jpg,Class_0/class_0_03029.jpg,0,No Oil Spill
class_0_02542.jpg,Class_0/class_0_02542.jpg,0,No Oil Spill
class_0_01119.jpg,Class_0/class_0_01119.jpg,0,No Oil Spill
class_0_00948.jpg,Class_0/class_0_00948.jpg,0,No Oil Spill
class_1_01254.jpg,Class_1/class_1_01254.jpg,1,Oil Spill
class_0_00466.jpg,Class_0/class_0_00466.jpg,0,No Oil Spill
class_0_03236.jpg,Class_0/class_0_03236.jpg,0,No Oil Spill
class_1_00242.jpg,Class_1/class_1_00242.jpg,1,Oil Spill
class_0_01775.jpg,Class_0/class_0_01775.jpg,0,No Oil Spill
class_0_02312.jpg,Class_0/class_0_02312.jpg,0,No Oil Spill
class_1_01156.jpg,Class_1/class_1_01156.jpg,1,Oil Spill
class_1_01612.jpg,Class_1/class_1_01612.jpg,1,Oil Spill
class_0_00398.jpg,Class_0/class_0_00398.jpg,0,No Oil Spill
class_1_00809.jpg,Class_1/class_1_00809.jpg,1,Oil Spill
class_0_02016.jpg,Class_0/class_0_02016.jpg,0,No Oil Spill
class_1_01502.jpg,Class_1/class_1_01502.jpg,1,Oil Spill
class_1_01104.jpg,Class_1/class_1_01104.jpg,1,Oil Spill
class_0_00200.jpg,Class_0/class_0_00200.jpg,0,No Oil Spill
class_0_01516.jpg,Class_0/class_0_01516.jpg,0,No Oil Spill
class_0_00289.jpg,Class_0/class_0_00289.jpg,0,No Oil Spill
class_0_03048.jpg,Class_0/class_0_03048.jpg,0,No Oil Spill
class_0_02254.jpg,Class_0/class_0_02254.jpg,0,No Oil Spill
class_1_00524.jpg,Class_1/class_1_00524.jpg,1,Oil Spill
class_0_02341.jpg,Class_0/class_0_02341.jpg,0,No Oil Spill
class_1_00842.jpg,Class_1/class_1_00842.jpg,1,Oil Spill
class_0_00557.jpg,Class_0/class_0_00557.jpg,0,No Oil Spill
class_1_01102.jpg,Class_1/class_1_01102.jpg,1,Oil Spill
class_0_03677.jpg,Class_0/class_0_03677.jpg,0,No Oil Spill
class_1_00258.jpg,Class_1/class_1_00258.jpg,1,Oil Spill
class_0_01151.jpg,Class_0/class_0_01151.jpg,0,No Oil Spill
class_0_02562.jpg,Class_0/class_0_02562.jpg,0,No Oil Spill
class_1_01330.jpg,Class_1/class_1_01330.jpg,1,Oil Spill
class_1_01651.jpg,Class_1/class_1_01651.jpg,1,Oil Spill
class_0_01800.jpg,Class_0/class_0_01800.jpg,0,No Oil Spill
class_0_02493.jpg,Class_0/class_0_02493.jpg,0,No Oil Spill
class_0_01055.jpg,Class_0/class_0_01055.jpg,0,No Oil Spill
class_0_00816.jpg,Class_0/class_0_00816.jpg,0,No Oil Spill
class_1_01474.jpg,Class_1/class_1_01474.jpg,1,Oil Spill
class_1_01268.jpg,Class_1/class_1_01268.jpg,1,Oil Spill
class_0_03316.jpg,Class_0/class_0_03316.jpg,0,No Oil Spill
class_0_02892.jpg,Class_0/class_0_02892.jpg,0,No Oil Spill
class_0_00978.jpg,Class_0/class_0_00978.jpg,0,No Oil Spill
class_0_00064.jpg,Class_0/class_0_00064.jpg,0,No Oil Spill
class_1_01648.jpg,Class_1/class_1_01648.jpg,1,Oil Spill
class_0_02277.jpg,Class_0/class_0_02277.jpg,0,No Oil Spill
class_0_00878.jpg,Class_0/class_0_00878.jpg,0,No Oil Spill
class_0_03055.jpg,Class_0/class_0_03055.jpg,0,No Oil Spill
class_0_00945.jpg,Class_0/class_0_00945.jpg,0,No Oil Spill
class_1_00890.jpg,Class_1/class_1_00890.jpg,1,Oil Spill
class_0_03468.jpg,Class_0/class_0_03468.jpg,0,No Oil Spill
class_0_01274.jpg,Class_0/class_0_01274.jpg,0,No Oil Spill
class_1_00237.jpg,Class_1/class_1_00237.jpg,1,Oil Spill
class_1_00057.jpg,Class_1/class_1_00057.jpg,1,Oil Spill
class_0_00296.jpg,Class_0/class_0_00296.jpg,0,No Oil Spill
class_0_03263.jpg,Class_0/class_0_03263.jpg,0,No Oil Spill
class_0_02075.jpg,Class_0/class_0_02075.jpg,0,No Oil Spill
class_1_01675.jpg,Class_1/class_1_01675.jpg,1,Oil Spill
class_0_00796.jpg,Class_0/class_0_00796.jpg,0,No Oil Spill
class_0_03460.jpg,Class_0/class_0_03460.jpg,0,No Oil Spill
class_1_00320.jpg,Class_1/class_1_00320.jpg,1,Oil Spill
class_0_01489.jpg,Class_0/class_0_01489.jpg,0,No Oil Spill
class_1_01079.jpg,Class_1/class_1_01079.jpg,1,Oil Spill
class_0_00089.jpg,Class_0/class_0_00089.jpg,0,No Oil Spill
class_0_02737.jpg,Class_0/class_0_02737.jpg,0,No Oil Spill
class_0_00503.jpg,Class_0/class_0_00503.jpg,0,No Oil Spill
class_0_00183.jpg,Class_0/class_0_00183.jpg,0,No Oil Spill
class_0_02062.jpg,Class_0/class_0_02062.jpg,0,No Oil Spill
class_0_01871.jpg,Class_0/class_0_01871.jpg,0,No Oil Spill
class_1_00002.jpg,Class_1/class_1_00002.jpg,1,Oil Spill
class_1_01576.jpg,Class_1/class_1_01576.jpg,1,Oil Spill
class_1_00190.jpg,Class_1/class_1_00190.jpg,1,Oil Spill
class_1_01315.jpg,Class_1/class_1_01315.jpg,1,Oil Spill
class_0_02917.jpg,Class_0/class_0_02917.jpg,0,No Oil Spill
class_1_01743.jpg,Class_1/class_1_01743.jpg,1,Oil Spill
class_0_01059.jpg,Class_0/class_0_01059.jpg,0,No Oil Spill
class_0_00480.jpg,Class_0/class_0_00480.jpg,0,No Oil Spill
class_0_00298.jpg,Class_0/class_0_00298.jpg,0,No Oil Spill
class_0_01712.jpg,Class_0/class_0_01712.jpg,0,No Oil Spill
class_0_00740.jpg,Class_0/class_0_00740.jpg,0,No Oil Spill
class_0_02809.jpg,Class_0/class_0_02809.jpg,0,No Oil Spill
class_1_00626.jpg,Class_1/class_1_00626.jpg,1,Oil Spill
class_0_03275.jpg,Class_0/class_0_03275.jpg,0,No Oil Spill
class_0_02670.jpg,Class_0/class_0_02670.jpg,0,No Oil Spill
class_1_01087.jpg,Class_1/class_1_01087.jpg,1,Oil Spill
class_1_00472.jpg,Class_1/class_1_00472.jpg,1,Oil Spill
class_1_00255.jpg,Class_1/class_1_00255.jpg,1,Oil Spill
class_0_00781.jpg,Class_0/class_0_00781.jpg,0,No Oil Spill
class_1_00294.jpg,Class_1/class_1_00294.jpg,1,Oil Spill
class_0_02351.jpg,Class_0/class_0_02351.jpg,0,No Oil Spill
class_1_01228.jpg,Class_1/class_1_01228.jpg,1,Oil Spill
class_0_00975.jpg,Class_0/class_0_00975.jpg,0,No Oil Spill
class_0_02066.jpg,Class_0/class_0_02066.jpg,0,No Oil Spill
class_0_02507.jpg,Class_0/class_0_02507.jpg,0,No Oil Spill
class_0_02318.jpg,Class_0/class_0_02318.jpg,0,No Oil Spill
class_0_00995.jpg,Class_0/class_0_00995.jpg,0,No Oil Spill
class_1_00330.jpg,Class_1/class_1_00330.jpg,1,Oil Spill
class_0_01522.jpg,Class_0/class_0_01522.jpg,0,No Oil Spill
class_0_02060.jpg,Class_0/class_0_02060.jpg,0,No Oil Spill
class_0_03273.jpg,Class_0/class_0_03273.jpg,0,No Oil Spill
class_1_00658.jpg,Class_1/class_1_00658.jpg,1,Oil Spill
class_0_02926.jpg,Class_0/class_0_02926.jpg,0,No Oil Spill
class_0_00368.jpg,Class_0/class_0_00368.jpg,0,No Oil Spill
class_0_00266.jpg,Class_0/class_0_00266.jpg,0,No Oil Spill
class_0_00916.jpg,Class_0/class_0_00916.jpg,0,No Oil Spill
class_1_01691.jpg,Class_1/class_1_01691.jpg,1,Oil Spill
class_0_00023.jpg,Class_0/class_0_00023.jpg,0,No Oil Spill
class_1_00467.jpg,Class_1/class_1_00467.jpg,1,Oil Spill
class_1_00577.jpg,Class_1/class_1_00577.jpg,1,Oil Spill
class_0_01556.jpg,Class_0/class_0_01556.jpg,0,No Oil Spill
class_0_00623.jpg,Class_0/class_0_00623.jpg,0,No Oil Spill
class_1_01523.jpg,Class_1/class_1_01523.jpg,1,Oil Spill
class_0_01934.jpg,Class_0/class_0_01934.jpg,0,No Oil Spill
class_0_00870.jpg,Class_0/class_0_00870.jpg,0,No Oil Spill
class_0_00593.jpg,Class_0/class_0_00593.jpg,0,No Oil Spill
class_0_01427.jpg,Class_0/class_0_01427.jpg,0,No Oil Spill
class_0_02450.jpg,Class_0/class_0_02450.jpg,0,No Oil Spill
class_0_00709.jpg,Class_0/class_0_00709.jpg,0,No Oil Spill
class_1_00949.jpg,Class_1/class_1_00949.jpg,1,Oil Spill
class_0_00450.jpg,Class_0/class_0_00450.jpg,0,No Oil Spill
class_0_03295.jpg,Class_0/class_0_03295.jpg,0,No Oil Spill
class_1_01245.jpg,Class_1/class_1_01245.jpg,1,Oil Spill
class_0_00110.jpg,Class_0/class_0_00110.jpg,0,No Oil Spill
class_1_00188.jpg,Class_1/class_1_00188.jpg,1,Oil Spill
class_1_00798.jpg,Class_1/class_1_00798.jpg,1,Oil Spill
class_1_01732.jpg,Class_1/class_1_01732.jpg,1,Oil Spill
class_1_01138.jpg,Class_1/class_1_01138.jpg,1,Oil Spill
class_0_00468.jpg,Class_0/class_0_00468.jpg,0,No Oil Spill
class_0_00448.jpg,Class_0/class_0_00448.jpg,0,No Oil Spill
class_0_03658.jpg,Class_0/class_0_03658.jpg,0,No Oil Spill
class_1_00671.jpg,Class_1/class_1_00671.jpg,1,Oil Spill
class_0_00318.jpg,Class_0/class_0_00318.jpg,0,No Oil Spill
class_0_01012.jpg,Class_0/class_0_01012.jpg,0,No Oil Spill
class_0_01617.jpg,Class_0/class_0_01617.jpg,0,No Oil Spill
class_0_02136.jpg,Class_0/class_0_02136.jpg,0,No Oil Spill
class_0_00536.jpg,Class_0/class_0_00536.jpg,0,No Oil Spill
class_0_03312.jpg,Class_0/class_0_03312.jpg,0,No Oil Spill
class_0_01061.jpg,Class_0/class_0_01061.jpg,0,No Oil Spill
class_0_01295.jpg,Class_0/class_0_01295.jpg,0,No Oil Spill
class_0_00613.jpg,Class_0/class_0_00613.jpg,0,No Oil Spill
class_1_01393.jpg,Class_1/class_1_01393.jpg,1,Oil Spill
class_1_01397.jpg,Class_1/class_1_01397.jpg,1,Oil Spill
class_0_00389.jpg,Class_0/class_0_00389.jpg,0,No Oil Spill
class_1_01221.jpg,Class_1/class_1_01221.jpg,1,Oil Spill
class_1_00879.jpg,Class_1/class_1_00879.jpg,1,Oil Spill
class_1_01177.jpg,Class_1/class_1_01177.jpg,1,Oil Spill
class_1_01029.jpg,Class_1/class_1_01029.jpg,1,Oil Spill
class_1_01413.jpg,Class_1/class_1_01413.jpg,1,Oil Spill
class_1_01186.jpg,Class_1/class_1_01186.jpg,1,Oil Spill
class_0_00320.jpg,Class_0/class_0_00320.jpg,0,No Oil Spill
class_0_00262.jpg,Class_0/class_0_00262.jpg,0,No Oil Spill
class_0_02997.jpg,Class_0/class_0_02997.jpg,0,No Oil Spill
class_0_02220.jpg,Class_0/class_0_02220.jpg,0,No Oil Spill
class_1_00551.jpg,Class_1/class_1_00551.jpg,1,Oil Spill
class_0_00351.jpg,Class_0/class_0_00351.jpg,0,No Oil Spill
class_0_01081.jpg,Class_0/class_0_01081.jpg,0,No Oil Spill
class_1_00668.jpg,Class_1/class_1_00668.jpg,1,Oil Spill
class_0_00301.jpg,Class_0/class_0_00301.jpg,0,No Oil Spill
class_1_01137.jpg,Class_1/class_1_01137.jpg,1,Oil Spill
class_0_02008.jpg,Class_0/class_0_02008.jpg,0,No Oil Spill
class_0_02092.jpg,Class_0/class_0_02092.jpg,0,No Oil Spill
class_0_00669.jpg,Class_0/class_0_00669.jpg,0,No Oil Spill
class_1_01530.jpg,Class_1/class_1_01530.jpg,1,Oil Spill
class_0_02250.jpg,Class_0/class_0_02250.jpg,0,No Oil Spill
class_1_01262.jpg,Class_1/class_1_01262.jpg,1,Oil Spill
class_1_00365.jpg,Class_1/class_1_00365.jpg,1,Oil Spill
class_1_01690.jpg,Class_1/class_1_01690.jpg,1,Oil Spill
class_0_03443.jpg,Class_0/class_0_03443.jpg,0,No Oil Spill
class_1_00128.jpg,Class_1/class_1_00128.jpg,1,Oil Spill
class_0_00768.jpg,Class_0/class_0_00768.jpg,0,No Oil Spill
class_1_01011.jpg,Class_1/class_1_01011.jpg,1,Oil Spill
class_1_00752.jpg,Class_1/class_1_00752.jpg,1,Oil Spill
class_1_01207.jpg,Class_1/class_1_01207.jpg,1,Oil Spill
class_0_03597.jpg,Class_0/class_0_03597.jpg,0,No Oil Spill
class_0_03268.jpg,Class_0/class_0_03268.jpg,0,No Oil Spill
class_0_02706.jpg,Class_0/class_0_02706.jpg,0,No Oil Spill
class_0_01118.jpg,Class_0/class_0_01118.jpg,0,No Oil Spill
class_0_02040.jpg,Class_0/class_0_02040.jpg,0,No Oil Spill
class_0_02407.jpg,Class_0/class_0_02407.jpg,0,No Oil Spill
class_0_00464.jpg,Class_0/class_0_00464.jpg,0,No Oil Spill
class_0_00066.jpg,Class_0/class_0_00066.jpg,0,No Oil Spill
class_0_00506.jpg,Class_0/class_0_00506.jpg,0,No Oil Spill
class_1_00975.jpg,Class_1/class_1_00975.jpg,1,Oil Spill
class_0_00738.jpg,Class_0/class_0_00738.jpg,0,No Oil Spill
class_0_03011.jpg,Class_0/class_0_03011.jpg,0,No Oil Spill
class_1_01134.jpg,Class_1/class_1_01134.jpg,1,Oil Spill
class_1_00410.jpg,Class_1/class_1_00410.jpg,1,Oil Spill
class_1_00568.jpg,Class_1/class_1_00568.jpg,1,Oil Spill
class_1_00550.jpg,Class_1/class_1_00550.jpg,1,Oil Spill
class_1_01699.jpg,Class_1/class_1_01699.jpg,1,Oil Spill
class_1_00234.jpg,Class_1/class_1_00234.jpg,1,Oil Spill
class_0_02313.jpg,Class_0/class_0_02313.jpg,0,No Oil Spill
class_1_01076.jpg,Class_1/class_1_01076.jpg,1,Oil Spill
class_0_01883.jpg,Class_0/class_0_01883.jpg,0,No Oil Spill
class_0_02281.jpg,Class_0/class_0_02281.jpg,0,No Oil Spill
class_1_00611.jpg,Class_1/class_1_00611.jpg,1,Oil Spill
class_0_02053.jpg,Class_0/class_0_02053.jpg,0,No Oil Spill
class_0_03520.jpg,Class_0/class_0_03520.jpg,0,No Oil Spill
class_1_00569.jpg,Class_1/class_1_00569.jpg,1,Oil Spill
class_0_02001.jpg,Class_0/class_0_02001.jpg,0,No Oil Spill
class_0_01759.jpg,Class_0/class_0_01759.jpg,0,No Oil Spill
class_0_03660.jpg,Class_0/class_0_03660.jpg,0,No Oil Spill
class_1_01579.jpg,Class_1/class_1_01579.jpg,1,Oil Spill
class_0_02410.jpg,Class_0/class_0_02410.jpg,0,No Oil Spill
class_0_00866.jpg,Class_0/class_0_00866.jpg,0,No Oil Spill
class_0_01966.jpg,Class_0/class_0_01966.jpg,0,No Oil Spill
class_0_03570.jpg,Class_0/class_0_03570.jpg,0,No Oil Spill
class_0_00751.jpg,Class_0/class_0_00751.jpg,0,No Oil Spill
class_1_00694.jpg,Class_1/class_1_00694.jpg,1,Oil Spill
class_0_01720.jpg,Class_0/class_0_01720.jpg,0,No Oil Spill
class_1_00416.jpg,Class_1/class_1_00416.jpg,1,Oil Spill
class_1_01187.jpg,Class_1/class_1_01187.jpg,1,Oil Spill
class_0_02088.jpg,Class_0/class_0_02088.jpg,0,No Oil Spill
class_0_02900.jpg,Class_0/class_0_02900.jpg,0,No Oil Spill
class_1_00130.jpg,Class_1/class_1_00130.jpg,1,Oil Spill
class_1_00876.jpg,Class_1/class_1_00876.jpg,1,Oil Spill
class_1_01725.jpg,Class_1/class_1_01725.jpg,1,Oil Spill
class_1_00706.jpg,Class_1/class_1_00706.jpg,1,Oil Spill
class_0_00393.jpg,Class_0/class_0_00393.jpg,0,No Oil Spill
class_0_00025.jpg,Class_0/class_0_00025.jpg,0,No Oil Spill
class_1_01602.jpg,Class_1/class_1_01602.jpg,1,Oil Spill
class_0_03032.jpg,Class_0/class_0_03032.jpg,0,No Oil Spill
class_0_02836.jpg,Class_0/class_0_02836.jpg,0,No Oil Spill
class_0_00752.jpg,Class_0/class_0_00752.jpg,0,No Oil Spill
class_1_00343.jpg,Class_1/class_1_00343.jpg,1,Oil Spill
class_0_00071.jpg,Class_0/class_0_00071.jpg,0,No Oil Spill
class_0_00911.jpg,Class_0/class_0_00911.jpg,0,No Oil Spill
class_0_02502.jpg,Class_0/class_0_02502.jpg,0,No Oil Spill
class_0_00941.jpg,Class_0/class_0_00941.jpg,0,No Oil Spill
class_0_00587.jpg,Class_0/class_0_00587.jpg,0,No Oil Spill
class_1_00259.jpg,Class_1/class_1_00259.jpg,1,Oil Spill
class_0_00382.jpg,Class_0/class_0_00382.jpg,0,No Oil Spill
class_0_02720.jpg,Class_0/class_0_02720.jpg,0,No Oil Spill
class_1_00781.jpg,Class_1/class_1_00781.jpg,1,Oil Spill
class_0_00622.jpg,Class_0/class_0_00622.jpg,0,No Oil Spill
class_1_01178.jpg,Class_1/class_1_01178.jpg,1,Oil Spill
class_0_01043.jpg,Class_0/class_0_01043.jpg,0,No Oil Spill
class_1_00385.jpg,Class_1/class_1_00385.jpg,1,Oil Spill
class_0_03349.jpg,Class_0/class_0_03349.jpg,0,No Oil Spill
class_1_01147.jpg,Class_1/class_1_01147.jpg,1,Oil Spill
class_0_01109.jpg,Class_0/class_0_01109.jpg,0,No Oil Spill
class_0_01660.jpg,Class_0/class_0_01660.jpg,0,No Oil Spill
class_0_01834.jpg,Class_0/class_0_01834.jpg,0,No Oil Spill
class_1_01799.jpg,Class_1/class_1_01799.jpg,1,Oil Spill
class_0_02391.jpg,Class_0/class_0_02391.jpg,0,No Oil Spill
class_0_00792.jpg,Class_0/class_0_00792.jpg,0,No Oil Spill
class_0_00021.jpg,Class_0/class_0_00021.jpg,0,No Oil Spill
class_0_01459.jpg,Class_0/class_0_01459.jpg,0,No Oil Spill
class_1_00284.jpg,Class_1/class_1_00284.jpg,1,Oil Spill
class_0_01370.jpg,Class_0/class_0_01370.jpg,0,No Oil Spill
class_0_03197.jpg,Class_0/class_0_03197.jpg,0,No Oil Spill
class_0_01294.jpg,Class_0/class_0_01294.jpg,0,No Oil Spill
class_0_01070.jpg,Class_0/class_0_01070.jpg,0,No Oil Spill
class_0_01122.jpg,Class_0/class_0_01122.jpg,0,No Oil Spill
class_0_01596.jpg,Class_0/class_0_01596.jpg,0,No Oil Spill
class_0_03612.jpg,Class_0/class_0_03612.jpg,0,No Oil Spill
class_1_00070.jpg,Class_1/class_1_00070.jpg,1,Oil Spill
class_0_03248.jpg,Class_0/class_0_03248.jpg,0,No Oil Spill
class_0_00179.jpg,Class_0/class_0_00179.jpg,0,No Oil Spill
class_0_01919.jpg,Class_0/class_0_01919.jpg,0,No Oil Spill
class_0_03157.jpg,Class_0/class_0_03157.jpg,0,No Oil Spill
class_0_02677.jpg,Class_0/class_0_02677.jpg,0,No Oil Spill
class_0_01045.jpg,Class_0/class_0_01045.jpg,0,No Oil Spill
class_0_02866.jpg,Class_0/class_0_02866.jpg,0,No Oil Spill
class_1_01485.jpg,Class_1/class_1_01485.jpg,1,Oil Spill
class_0_01710.jpg,Class_0/class_0_01710.jpg,0,No Oil Spill
class_0_03576.jpg,Class_0/class_0_03576.jpg,0,No Oil Spill
class_0_03015.jpg,Class_0/class_0_03015.jpg,0,No Oil Spill
class_1_00711.jpg,Class_1/class_1_00711.jpg,1,Oil Spill
class_0_03623.jpg,Class_0/class_0_03623.jpg,0,No Oil Spill
class_0_03554.jpg,Class_0/class_0_03554.jpg,0,No Oil Spill
class_0_02104.jpg,Class_0/class_0_02104.jpg,0,No Oil Spill
class_0_02875.jpg,Class_0/class_0_02875.jpg,0,No Oil Spill
class_0_02446.jpg,Class_0/class_0_02446.jpg,0,No Oil Spill
class_0_00112.jpg,Class_0/class_0_00112.jpg,0,No Oil Spill
class_0_02802.jpg,Class_0/class_0_02802.jpg,0,No Oil Spill
class_1_01235.jpg,Class_1/class_1_01235.jpg,1,Oil Spill
class_1_00439.jpg,Class_1/class_1_00439.jpg,1,Oil Spill
class_0_00257.jpg,Class_0/class_0_00257.jpg,0,No Oil Spill
class_1_01361.jpg,Class_1/class_1_01361.jpg,1,Oil Spill
class_0_01186.jpg,Class_0/class_0_01186.jpg,0,No Oil Spill
class_0_00226.jpg,Class_0/class_0_00226.jpg,0,No Oil Spill
class_0_00939.jpg,Class_0/class_0_00939.jpg,0,No Oil Spill
class_1_00044.jpg,Class_1/class_1_00044.jpg,1,Oil Spill
class_0_00446.jpg,Class_0/class_0_00446.jpg,0,No Oil Spill
class_0_00173.jpg,Class_0/class_0_00173.jpg,0,No Oil Spill
class_0_02409.jpg,Class_0/class_0_02409.jpg,0,No Oil Spill
class_0_02029.jpg,Class_0/class_0_02029.jpg,0,No Oil Spill
class_0_00959.jpg,Class_0/class_0_00959.jpg,0,No Oil Spill
class_0_02283.jpg,Class_0/class_0_02283.jpg,0,No Oil Spill
class_0_03187.jpg,Class_0/class_0_03187.jpg,0,No Oil Spill
class_1_01738.jpg,Class_1/class_1_01738.jpg,1,Oil Spill
class_0_03545.jpg,Class_0/class_0_03545.jpg,0,No Oil Spill
class_1_01507.jpg,Class_1/class_1_01507.jpg,1,Oil Spill
class_0_01254.jpg,Class_0/class_0_01254.jpg,0,No Oil Spill
class_1_00643.jpg,Class_1/class_1_00643.jpg,1,Oil Spill
class_1_01685.jpg,Class_1/class_1_01685.jpg,1,Oil Spill
class_0_02231.jpg,Class_0/class_0_02231.jpg,0,No Oil Spill
class_0_01739.jpg,Class_0/class_0_01739.jpg,0,No Oil Spill
class_1_01517.jpg,Class_1/class_1_01517.jpg,1,Oil Spill
class_0_01036.jpg,Class_0/class_0_01036.jpg,0,No Oil Spill
class_1_01761.jpg,Class_1/class_1_01761.jpg,1,Oil Spill
class_0_00491.jpg,Class_0/class_0_00491.jpg,0,No Oil Spill
class_0_01878.jpg,Class_0/class_0_01878.jpg,0,No Oil Spill
class_0_00865.jpg,Class_0/class_0_00865.jpg,0,No Oil Spill
class_0_01364.jpg,Class_0/class_0_01364.jpg,0,No Oil Spill
class_0_01064.jpg,Class_0/class_0_01064.jpg,0,No Oil Spill
class_1_01345.jpg,Class_1/class_1_01345.jpg,1,Oil Spill
class_1_00653.jpg,Class_1/class_1_00653.jpg,1,Oil Spill
class_0_02665.jpg,Class_0/class_0_02665.jpg,0,No Oil Spill
class_0_02038.jpg,Class_0/class_0_02038.jpg,0,No Oil Spill
class_0_01812.jpg,Class_0/class_0_01812.jpg,0,No Oil Spill
class_0_01384.jpg,Class_0/class_0_01384.jpg,0,No Oil Spill
class_1_00688.jpg,Class_1/class_1_00688.jpg,1,Oil Spill
class_0_03424.jpg,Class_0/class_0_03424.jpg,0,No Oil Spill
class_0_01959.jpg,Class_0/class_0_01959.jpg,0,No Oil Spill
class_0_01444.jpg,Class_0/class_0_01444.jpg,0,No Oil Spill
class_1_00389.jpg,Class_1/class_1_00389.jpg,1,Oil Spill
class_0_01813.jpg,Class_0/class_0_01813.jpg,0,No Oil Spill
class_0_01996.jpg,Class_0/class_0_01996.jpg,0,No Oil Spill
class_1_01286.jpg,Class_1/class_1_01286.jpg,1,Oil Spill
class_0_00820.jpg,Class_0/class_0_00820.jpg,0,No Oil Spill
class_1_01310.jpg,Class_1/class_1_01310.jpg,1,Oil Spill
class_0_03354.jpg,Class_0/class_0_03354.jpg,0,No Oil Spill
class_0_02591.jpg,Class_0/class_0_02591.jpg,0,No Oil Spill
class_0_01561.jpg,Class_0/class_0_01561.jpg,0,No Oil Spill
class_0_01428.jpg,Class_0/class_0_01428.jpg,0,No Oil Spill
class_1_00522.jpg,Class_1/class_1_00522.jpg,1,Oil Spill
class_0_03445.jpg,Class_0/class_0_03445.jpg,0,No Oil Spill
class_1_00735.jpg,Class_1/class_1_00735.jpg,1,Oil Spill
class_0_00395.jpg,Class_0/class_0_00395.jpg,0,No Oil Spill
class_0_02455.jpg,Class_0/class_0_02455.jpg,0,No Oil Spill
class_1_00163.jpg,Class_1/class_1_00163.jpg,1,Oil Spill
class_0_03128.jpg,Class_0/class_0_03128.jpg,0,No Oil Spill
class_1_01755.jpg,Class_1/class_1_01755.jpg,1,Oil Spill
class_1_01427.jpg,Class_1/class_1_01427.jpg,1,Oil Spill
class_0_02907.jpg,Class_0/class_0_02907.jpg,0,No Oil Spill
class_0_00777.jpg,Class_0/class_0_00777.jpg,0,No Oil Spill
class_0_01593.jpg,Class_0/class_0_01593.jpg,0,No Oil Spill
class_0_02557.jpg,Class_0/class_0_02557.jpg,0,No Oil Spill
class_1_01583.jpg,Class_1/class_1_01583.jpg,1,Oil Spill
class_0_01112.jpg,Class_0/class_0_01112.jpg,0,No Oil Spill
class_0_03557.jpg,Class_0/class_0_03557.jpg,0,No Oil Spill
class_0_02816.jpg,Class_0/class_0_02816.jpg,0,No Oil Spill
class_1_00846.jpg,Class_1/class_1_00846.jpg,1,Oil Spill
class_1_01255.jpg,Class_1/class_1_01255.jpg,1,Oil Spill
class_1_01160.jpg,Class_1/class_1_01160.jpg,1,Oil Spill
class_1_01426.jpg,Class_1/class_1_01426.jpg,1,Oil Spill
class_1_00305.jpg,Class_1/class_1_00305.jpg,1,Oil Spill
class_0_02668.jpg,Class_0/class_0_02668.jpg,0,No Oil Spill
class_1_00047.jpg,Class_1/class_1_00047.jpg,1,Oil Spill
class_0_00597.jpg,Class_0/class_0_00597.jpg,0,No Oil Spill
class_0_01369.jpg,Class_0/class_0_01369.jpg,0,No Oil Spill
class_1_00664.jpg,Class_1/class_1_00664.jpg,1,Oil Spill
class_0_01359.jpg,Class_0/class_0_01359.jpg,0,No Oil Spill
class_0_02474.jpg,Class_0/class_0_02474.jpg,0,No Oil Spill
class_0_03625.jpg,Class_0/class_0_03625.jpg,0,No Oil Spill
class_0_00198.jpg,Class_0/class_0_00198.jpg,0,No Oil Spill
class_1_00725.jpg,Class_1/class_1_00725.jpg,1,Oil Spill
class_0_03693.jpg,Class_0/class_0_03693.jpg,0,No Oil Spill
class_0_01876.jpg,Class_0/class_0_01876.jpg,0,No Oil Spill
class_1_01196.jpg,Class_1/class_1_01196.jpg,1,Oil Spill
class_1_01740.jpg,Class_1/class_1_01740.jpg,1,Oil Spill
class_1_01728.jpg,Class_1/class_1_01728.jpg,1,Oil Spill
class_0_02138.jpg,Class_0/class_0_02138.jpg,0,No Oil Spill
class_1_00757.jpg,Class_1/class_1_00757.jpg,1,Oil Spill
class_0_01521.jpg,Class_0/class_0_01521.jpg,0,No Oil Spill
class_1_00855.jpg,Class_1/class_1_00855.jpg,1,Oil Spill
class_0_02713.jpg,Class_0/class_0_02713.jpg,0,No Oil Spill
class_0_01961.jpg,Class_0/class_0_01961.jpg,0,No Oil Spill
class_0_03481.jpg,Class_0/class_0_03481.jpg,0,No Oil Spill
class_1_01692.jpg,Class_1/class_1_01692.jpg,1,Oil Spill
class_0_02438.jpg,Class_0/class_0_02438.jpg,0,No Oil Spill
class_1_01683.jpg,Class_1/class_1_01683.jpg,1,Oil Spill
class_0_00121.jpg,Class_0/class_0_00121.jpg,0,No Oil Spill
class_1_01203.jpg,Class_1/class_1_01203.jpg,1,Oil Spill
class_1_01820.jpg,Class_1/class_1_01820.jpg,1,Oil Spill
class_0_02803.jpg,Class_0/class_0_02803.jpg,0,No Oil Spill
class_0_03392.jpg,Class_0/class_0_03392.jpg,0,No Oil Spill
class_0_03655.jpg,Class_0/class_0_03655.jpg,0,No Oil Spill
class_0_00994.jpg,Class_0/class_0_00994.jpg,0,No Oil Spill
class_0_01853.jpg,Class_0/class_0_01853.jpg,0,No Oil Spill
class_0_01822.jpg,Class_0/class_0_01822.jpg,0,No Oil Spill
class_1_01700.jpg,Class_1/class_1_01700.jpg,1,Oil Spill
class_1_01056.jpg,Class_1/class_1_01056.jpg,1,Oil Spill
class_0_01407.jpg,Class_0/class_0_01407.jpg,0,No Oil Spill
class_0_02575.jpg,Class_0/class_0_02575.jpg,0,No Oil Spill
class_1_00512.jpg,Class_1/class_1_00512.jpg,1,Oil Spill
class_1_01561.jpg,Class_1/class_1_01561.jpg,1,Oil Spill
class_0_02922.jpg,Class_0/class_0_02922.jpg,0,No Oil Spill
class_1_01166.jpg,Class_1/class_1_01166.jpg,1,Oil Spill
class_0_01430.jpg,Class_0/class_0_01430.jpg,0,No Oil Spill
class_0_00520.jpg,Class_0/class_0_00520.jpg,0,No Oil Spill
class_0_02760.jpg,Class_0/class_0_02760.jpg,0,No Oil Spill
class_0_02559.jpg,Class_0/class_0_02559.jpg,0,No Oil Spill
class_1_00071.jpg,Class_1/class_1_00071.jpg,1,Oil Spill
class_1_00432.jpg,Class_1/class_1_00432.jpg,1,Oil Spill
class_1_00573.jpg,Class_1/class_1_00573.jpg,1,Oil Spill
class_0_02831.jpg,Class_0/class_0_02831.jpg,0,No Oil Spill
class_0_03082.jpg,Class_0/class_0_03082.jpg,0,No Oil Spill
class_0_02195.jpg,Class_0/class_0_02195.jpg,0,No Oil Spill
class_0_01749.jpg,Class_0/class_0_01749.jpg,0,No Oil Spill
class_1_01767.jpg,Class_1/class_1_01767.jpg,1,Oil Spill
class_0_01390.jpg,Class_0/class_0_01390.jpg,0,No Oil Spill
class_0_01729.jpg,Class_0/class_0_01729.jpg,0,No Oil Spill
class_1_00595.jpg,Class_1/class_1_00595.jpg,1,Oil Spill
class_0_01923.jpg,Class_0/class_0_01923.jpg,0,No Oil Spill
class_0_01510.jpg,Class_0/class_0_01510.jpg,0,No Oil Spill
class_1_01051.jpg,Class_1/class_1_01051.jpg,1,Oil Spill
class_0_00234.jpg,Class_0/class_0_00234.jpg,0,No Oil Spill
class_1_00923.jpg,Class_1/class_1_00923.jpg,1,Oil Spill
class_1_00076.jpg,Class_1/class_1_00076.jpg,1,Oil Spill
class_0_01318.jpg,Class_0/class_0_01318.jpg,0,No Oil Spill
class_0_00009.jpg,Class_0/class_0_00009.jpg,0,No Oil Spill
class_0_02598.jpg,Class_0/class_0_02598.jpg,0,No Oil Spill
class_0_01533.jpg,Class_0/class_0_01533.jpg,0,No Oil Spill
class_1_01244.jpg,Class_1/class_1_01244.jpg,1,Oil Spill
class_0_02028.jpg,Class_0/class_0_02028.jpg,0,No Oil Spill
class_0_01789.jpg,Class_0/class_0_01789.jpg,0,No Oil Spill
class_0_00336.jpg,Class_0/class_0_00336.jpg,0,No Oil Spill
class_0_01414.jpg,Class_0/class_0_01414.jpg,0,No Oil Spill
class_0_01610.jpg,Class_0/class_0_01610.jpg,0,No Oil Spill
class_0_01134.jpg,Class_0/class_0_01134.jpg,0,No Oil Spill
class_1_01477.jpg,Class_1/class_1_01477.jpg,1,Oil Spill
class_0_03390.jpg,Class_0/class_0_03390.jpg,0,No Oil Spill
class_1_00590.jpg,Class_1/class_1_00590.jpg,1,Oil Spill
class_1_00792.jpg,Class_1/class_1_00792.jpg,1,Oil Spill
class_1_00739.jpg,Class_1/class_1_00739.jpg,1,Oil Spill
class_0_00340.jpg,Class_0/class_0_00340.jpg,0,No Oil Spill
class_0_00339.jpg,Class_0/class_0_00339.jpg,0,No Oil Spill
class_1_00915.jpg,Class_1/class_1_00915.jpg,1,Oil Spill
class_1_00556.jpg,Class_1/class_1_00556.jpg,1,Oil Spill
class_0_00531.jpg,Class_0/class_0_00531.jpg,0,No Oil Spill
class_1_00281.jpg,Class_1/class_1_00281.jpg,1,Oil Spill
class_0_01686.jpg,Class_0/class_0_01686.jpg,0,No Oil Spill
class_1_00517.jpg,Class_1/class_1_00517.jpg,1,Oil Spill
class_0_02606.jpg,Class_0/class_0_02606.jpg,0,No Oil Spill
class_0_03494.jpg,Class_0/class_0_03494.jpg,0,No Oil Spill
class_0_02727.jpg,Class_0/class_0_02727.jpg,0,No Oil Spill
class_0_02054.jpg,Class_0/class_0_02054.jpg,0,No Oil Spill
class_0_02655.jpg,Class_0/class_0_02655.jpg,0,No Oil Spill
class_0_01260.jpg,Class_0/class_0_01260.jpg,0,No Oil Spill
class_1_01201.jpg,Class_1/class_1_01201.jpg,1,Oil Spill
class_1_00424.jpg,Class_1/class_1_00424.jpg,1,Oil Spill
class_0_03290.jpg,Class_0/class_0_03290.jpg,0,No Oil Spill
class_0_02317.jpg,Class_0/class_0_02317.jpg,0,No Oil Spill
class_0_01889.jpg,Class_0/class_0_01889.jpg,0,No Oil Spill
class_0_01552.jpg,Class_0/class_0_01552.jpg,0,No Oil Spill
class_0_03488.jpg,Class_0/class_0_03488.jpg,0,No Oil Spill
class_0_02285.jpg,Class_0/class_0_02285.jpg,0,No Oil Spill
class_0_01981.jpg,Class_0/class_0_01981.jpg,0,No Oil Spill
class_0_00783.jpg,Class_0/class_0_00783.jpg,0,No Oil Spill
class_0_01123.jpg,Class_0/class_0_01123.jpg,0,No Oil Spill
class_0_00363.jpg,Class_0/class_0_00363.jpg,0,No Oil Spill
class_0_01087.jpg,Class_0/class_0_01087.jpg,0,No Oil Spill
class_1_01824.jpg,Class_1/class_1_01824.jpg,1,Oil Spill
class_0_01750.jpg,Class_0/class_0_01750.jpg,0,No Oil Spill
class_0_02027.jpg,Class_0/class_0_02027.jpg,0,No Oil Spill
class_0_03212.jpg,Class_0/class_0_03212.jpg,0,No Oil Spill
class_1_01164.jpg,Class_1/class_1_01164.jpg,1,Oil Spill
class_1_00662.jpg,Class_1/class_1_00662.jpg,1,Oil Spill
class_0_01844.jpg,Class_0/class_0_01844.jpg,0,No Oil Spill
class_0_02522.jpg,Class_0/class_0_02522.jpg,0,No Oil Spill
class_1_00266.jpg,Class_1/class_1_00266.jpg,1,Oil Spill
class_0_02031.jpg,Class_0/class_0_02031.jpg,0,No Oil Spill
class_0_02222.jpg,Class_0/class_0_02222.jpg,0,No Oil Spill
class_1_01788.jpg,Class_1/class_1_01788.jpg,1,Oil Spill
class_0_03256.jpg,Class_0/class_0_03256.jpg,0,No Oil Spill
class_1_00186.jpg,Class_1/class_1_00186.jpg,1,Oil Spill
class_0_01107.jpg,Class_0/class_0_01107.jpg,0,No Oil Spill
class_0_00052.jpg,Class_0/class_0_00052.jpg,0,No Oil Spill
class_0_00906.jpg,Class_0/class_0_00906.jpg,0,No Oil Spill
class_1_00048.jpg,Class_1/class_1_00048.jpg,1,Oil Spill
class_0_01166.jpg,Class_0/class_0_01166.jpg,0,No Oil Spill
class_1_01754.jpg,Class_1/class_1_01754.jpg,1,Oil Spill
class_0_00438.jpg,Class_0/class_0_00438.jpg,0,No Oil Spill
class_0_03003.jpg,Class_0/class_0_03003.jpg,0,No Oil Spill
class_1_01085.jpg,Class_1/class_1_01085.jpg,1,Oil Spill
class_1_01370.jpg,Class_1/class_1_01370.jpg,1,Oil Spill
class_0_01987.jpg,Class_0/class_0_01987.jpg,0,No Oil Spill
class_0_01423.jpg,Class_0/class_0_01423.jpg,0,No Oil Spill
class_0_02592.jpg,Class_0/class_0_02592.jpg,0,No Oil Spill
class_1_00143.jpg,Class_1/class_1_00143.jpg,1,Oil Spill
class_1_00094.jpg,Class_1/class_1_00094.jpg,1,Oil Spill
class_0_03340.jpg,Class_0/class_0_03340.jpg,0,No Oil Spill
class_1_00006.jpg,Class_1/class_1_00006.jpg,1,Oil Spill
class_0_01202.jpg,Class_0/class_0_01202.jpg,0,No Oil Spill
class_1_01724.jpg,Class_1/class_1_01724.jpg,1,Oil Spill
class_1_00142.jpg,Class_1/class_1_00142.jpg,1,Oil Spill
class_1_00447.jpg,Class_1/class_1_00447.jpg,1,Oil Spill
class_0_00640.jpg,Class_0/class_0_00640.jpg,0,No Oil Spill
class_1_01326.jpg,Class_1/class_1_01326.jpg,1,Oil Spill
class_0_01665.jpg,Class_0/class_0_01665.jpg,0,No Oil Spill
class_1_00618.jpg,Class_1/class_1_00618.jpg,1,Oil Spill
class_0_01806.jpg,Class_0/class_0_01806.jpg,0,No Oil Spill
class_0_01653.jpg,Class_0/class_0_01653.jpg,0,No Oil Spill
class_0_02923.jpg,Class_0/class_0_02923.jpg,0,No Oil Spill
class_1_00954.jpg,Class_1/class_1_00954.jpg,1,Oil Spill
class_0_02099.jpg,Class_0/class_0_02099.jpg,0,No Oil Spill
class_0_00378.jpg,Class_0/class_0_00378.jpg,0,No Oil Spill
class_0_00987.jpg,Class_0/class_0_00987.jpg,0,No Oil Spill
class_1_00406.jpg,Class_1/class_1_00406.jpg,1,Oil Spill
class_0_01002.jpg,Class_0/class_0_01002.jpg,0,No Oil Spill
class_0_03180.jpg,Class_0/class_0_03180.jpg,0,No Oil Spill
class_0_00439.jpg,Class_0/class_0_00439.jpg,0,No Oil Spill
class_0_00401.jpg,Class_0/class_0_00401.jpg,0,No Oil Spill
class_0_00147.jpg,Class_0/class_0_00147.jpg,0,No Oil Spill
class_1_00660.jpg,Class_1/class_1_00660.jpg,1,Oil Spill
class_0_00326.jpg,Class_0/class_0_00326.jpg,0,No Oil Spill
class_0_03117.jpg,Class_0/class_0_03117.jpg,0,No Oil Spill
class_1_00501.jpg,Class_1/class_1_00501.jpg,1,Oil Spill
class_1_01504.jpg,Class_1/class_1_01504.jpg,1,Oil Spill
class_1_00703.jpg,Class_1/class_1_00703.jpg,1,Oil Spill
class_0_02627.jpg,Class_0/class_0_02627.jpg,0,No Oil Spill
class_0_02910.jpg,Class_0/class_0_02910.jpg,0,No Oil Spill
class_0_02353.jpg,Class_0/class_0_02353.jpg,0,No Oil Spill
class_0_02386.jpg,Class_0/class_0_02386.jpg,0,No Oil Spill
class_1_01267.jpg,Class_1/class_1_01267.jpg,1,Oil Spill
class_1_01835.jpg,Class_1/class_1_01835.jpg,1,Oil Spill
class_0_03551.jpg,Class_0/class_0_03551.jpg,0,No Oil Spill
class_0_00897.jpg,Class_0/class_0_00897.jpg,0,No Oil Spill
class_1_00318.jpg,Class_1/class_1_00318.jpg,1,Oil Spill
class_0_00854.jpg,Class_0/class_0_00854.jpg,0,No Oil Spill
class_1_00121.jpg,Class_1/class_1_00121.jpg,1,Oil Spill
class_0_01755.jpg,Class_0/class_0_01755.jpg,0,No Oil Spill
class_0_00562.jpg,Class_0/class_0_00562.jpg,0,No Oil Spill
class_1_00910.jpg,Class_1/class_1_00910.jpg,1,Oil Spill
class_1_00692.jpg,Class_1/class_1_00692.jpg,1,Oil Spill
class_0_03034.jpg,Class_0/class_0_03034.jpg,0,No Oil Spill
class_1_01580.jpg,Class_1/class_1_01580.jpg,1,Oil Spill
class_0_03610.jpg,Class_0/class_0_03610.jpg,0,No Oil Spill
class_1_01342.jpg,Class_1/class_1_01342.jpg,1,Oil Spill
class_1_01131.jpg,Class_1/class_1_01131.jpg,1,Oil Spill
class_0_01676.jpg,Class_0/class_0_01676.jpg,0,No Oil Spill
class_0_02834.jpg,Class_0/class_0_02834.jpg,0,No Oil Spill
class_0_00714.jpg,Class_0/class_0_00714.jpg,0,No Oil Spill
class_0_02868.jpg,Class_0/class_0_02868.jpg,0,No Oil Spill
class_0_00354.jpg,Class_0/class_0_00354.jpg,0,No Oil Spill
class_0_01234.jpg,Class_0/class_0_01234.jpg,0,No Oil Spill
class_1_01730.jpg,Class_1/class_1_01730.jpg,1,Oil Spill
class_0_03314.jpg,Class_0/class_0_03314.jpg,0,No Oil Spill
class_1_01214.jpg,Class_1/class_1_01214.jpg,1,Oil Spill
class_1_00144.jpg,Class_1/class_1_00144.jpg,1,Oil Spill
class_1_00209.jpg,Class_1/class_1_00209.jpg,1,Oil Spill
class_0_00161.jpg,Class_0/class_0_00161.jpg,0,No Oil Spill
class_0_02715.jpg,Class_0/class_0_02715.jpg,0,No Oil Spill
class_0_01633.jpg,Class_0/class_0_01633.jpg,0,No Oil Spill
class_0_02316.jpg,Class_0/class_0_02316.jpg,0,No Oil Spill
class_0_00723.jpg,Class_0/class_0_00723.jpg,0,No Oil Spill
class_1_01002.jpg,Class_1/class_1_01002.jpg,1,Oil Spill
class_1_01314.jpg,Class_1/class_1_01314.jpg,1,Oil Spill
class_0_00135.jpg,Class_0/class_0_00135.jpg,0,No Oil Spill
class_0_02192.jpg,Class_0/class_0_02192.jpg,0,No Oil Spill
class_0_02106.jpg,Class_0/class_0_02106.jpg,0,No Oil Spill
class_0_01142.jpg,Class_0/class_0_01142.jpg,0,No Oil Spill
class_1_00202.jpg,Class_1/class_1_00202.jpg,1,Oil Spill
class_0_02609.jpg,Class_0/class_0_02609.jpg,0,No Oil Spill
class_0_01371.jpg,Class_0/class_0_01371.jpg,0,No Oil Spill
class_1_01004.jpg,Class_1/class_1_01004.jpg,1,Oil Spill
class_0_01229.jpg,Class_0/class_0_01229.jpg,0,No Oil Spill
class_1_01346.jpg,Class_1/class_1_01346.jpg,1,Oil Spill
class_1_00062.jpg,Class_1/class_1_00062.jpg,1,Oil Spill
class_1_01741.jpg,Class_1/class_1_01741.jpg,1,Oil Spill
class_0_02271.jpg,Class_0/class_0_02271.jpg,0,No Oil Spill
class_0_00317.jpg,Class_0/class_0_00317.jpg,0,No Oil Spill
class_0_03439.jpg,Class_0/class_0_03439.jpg,0,No Oil Spill
class_0_01100.jpg,Class_0/class_0_01100.jpg,0,No Oil Spill
class_1_00903.jpg,Class_1/class_1_00903.jpg,1,Oil Spill
class_1_01613.jpg,Class_1/class_1_01613.jpg,1,Oil Spill
class_0_01916.jpg,Class_0/class_0_01916.jpg,0,No Oil Spill
class_0_02798.jpg,Class_0/class_0_02798.jpg,0,No Oil Spill
class_1_01108.jpg,Class_1/class_1_01108.jpg,1,Oil Spill
class_0_03690.jpg,Class_0/class_0_03690.jpg,0,No Oil Spill
class_0_02100.jpg,Class_0/class_0_02100.jpg,0,No Oil Spill
class_0_03628.jpg,Class_0/class_0_03628.jpg,0,No Oil Spill
class_1_00770.jpg,Class_1/class_1_00770.jpg,1,Oil Spill
class_0_01432.jpg,Class_0/class_0_01432.jpg,0,No Oil Spill
class_0_01840.jpg,Class_0/class_0_01840.jpg,0,No Oil Spill
class_0_02731.jpg,Class_0/class_0_02731.jpg,0,No Oil Spill
class_1_01042.jpg,Class_1/class_1_01042.jpg,1,Oil Spill
class_0_02032.jpg,Class_0/class_0_02032.jpg,0,No Oil Spill
class_1_01550.jpg,Class_1/class_1_01550.jpg,1,Oil Spill
class_0_02418.jpg,Class_0/class_0_02418.jpg,0,No Oil Spill
class_0_01377.jpg,Class_0/class_0_01377.jpg,0,No Oil Spill
class_0_00815.jpg,Class_0/class_0_00815.jpg,0,No Oil Spill
class_1_01645.jpg,Class_1/class_1_01645.jpg,1,Oil Spill
class_0_01601.jpg,Class_0/class_0_01601.jpg,0,No Oil Spill
class_0_02640.jpg,Class_0/class_0_02640.jpg,0,No Oil Spill
class_0_00938.jpg,Class_0/class_0_00938.jpg,0,No Oil Spill
class_1_01078.jpg,Class_1/class_1_01078.jpg,1,Oil Spill
class_0_02373.jpg,Class_0/class_0_02373.jpg,0,No Oil Spill
class_1_00092.jpg,Class_1/class_1_00092.jpg,1,Oil Spill
class_0_02779.jpg,Class_0/class_0_02779.jpg,0,No Oil Spill
class_1_01647.jpg,Class_1/class_1_01647.jpg,1,Oil Spill
class_0_01921.jpg,Class_0/class_0_01921.jpg,0,No Oil Spill
class_0_00705.jpg,Class_0/class_0_00705.jpg,0,No Oil Spill
class_1_01812.jpg,Class_1/class_1_01812.jpg,1,Oil Spill
class_1_00839.jpg,Class_1/class_1_00839.jpg,1,Oil Spill
class_0_00447.jpg,Class_0/class_0_00447.jpg,0,No Oil Spill
class_1_00998.jpg,Class_1/class_1_00998.jpg,1,Oil Spill
class_0_02221.jpg,Class_0/class_0_02221.jpg,0,No Oil Spill
class_0_01683.jpg,Class_0/class_0_01683.jpg,0,No Oil Spill
class_0_01776.jpg,Class_0/class_0_01776.jpg,0,No Oil Spill
class_0_02299.jpg,Class_0/class_0_02299.jpg,0,No Oil Spill
class_0_00817.jpg,Class_0/class_0_00817.jpg,0,No Oil Spill
class_0_03365.jpg,Class_0/class_0_03365.jpg,0,No Oil Spill
class_0_03201.jpg,Class_0/class_0_03201.jpg,0,No Oil Spill
class_1_01368.jpg,Class_1/class_1_01368.jpg,1,Oil Spill
class_0_02170.jpg,Class_0/class_0_02170.jpg,0,No Oil Spill
class_0_00750.jpg,Class_0/class_0_00750.jpg,0,No Oil Spill
class_0_00167.jpg,Class_0/class_0_00167.jpg,0,No Oil Spill
class_0_02981.jpg,Class_0/class_0_02981.jpg,0,No Oil Spill
class_0_00685.jpg,Class_0/class_0_00685.jpg,0,No Oil Spill
class_0_00303.jpg,Class_0/class_0_00303.jpg,0,No Oil Spill
class_0_02401.jpg,Class_0/class_0_02401.jpg,0,No Oil Spill
class_0_02043.jpg,Class_0/class_0_02043.jpg,0,No Oil Spill
class_0_03009.jpg,Class_0/class_0_03009.jpg,0,No Oil Spill
class_0_01680.jpg,Class_0/class_0_01680.jpg,0,No Oil Spill
class_1_01038.jpg,Class_1/class_1_01038.jpg,1,Oil Spill
class_1_00203.jpg,Class_1/class_1_00203.jpg,1,Oil Spill
class_0_03101.jpg,Class_0/class_0_03101.jpg,0,No Oil Spill
class_1_00918.jpg,Class_1/class_1_00918.jpg,1,Oil Spill
class_0_01366.jpg,Class_0/class_0_01366.jpg,0,No Oil Spill
class_0_02580.jpg,Class_0/class_0_02580.jpg,0,No Oil Spill
class_0_01913.jpg,Class_0/class_0_01913.jpg,0,No Oil Spill
class_0_03022.jpg,Class_0/class_0_03022.jpg,0,No Oil Spill
class_0_00436.jpg,Class_0/class_0_00436.jpg,0,No Oil Spill
class_0_02061.jpg,Class_0/class_0_02061.jpg,0,No Oil Spill
class_0_02539.jpg,Class_0/class_0_02539.jpg,0,No Oil Spill
class_1_01240.jpg,Class_1/class_1_01240.jpg,1,Oil Spill
class_0_00983.jpg,Class_0/class_0_00983.jpg,0,No Oil Spill
class_0_03638.jpg,Class_0/class_0_03638.jpg,0,No Oil Spill
class_0_01198.jpg,Class_0/class_0_01198.jpg,0,No Oil Spill
class_0_03088.jpg,Class_0/class_0_03088.jpg,0,No Oil Spill
class_1_00596.jpg,Class_1/class_1_00596.jpg,1,Oil Spill
class_0_01020.jpg,Class_0/class_0_01020.jpg,0,No Oil Spill
class_0_00060.jpg,Class_0/class_0_00060.jpg,0,No Oil Spill
class_1_00103.jpg,Class_1/class_1_00103.jpg,1,Oil Spill
class_1_01693.jpg,Class_1/class_1_01693.jpg,1,Oil Spill
class_0_01411.jpg,Class_0/class_0_01411.jpg,0,No Oil Spill
class_0_00895.jpg,Class_0/class_0_00895.jpg,0,No Oil Spill
class_1_01829.jpg,Class_1/class_1_01829.jpg,1,Oil Spill
class_0_02063.jpg,Class_0/class_0_02063.jpg,0,No Oil Spill
class_1_00151.jpg,Class_1/class_1_00151.jpg,1,Oil Spill
class_0_02582.jpg,Class_0/class_0_02582.jpg,0,No Oil Spill
class_0_01848.jpg,Class_0/class_0_01848.jpg,0,No Oil Spill
class_1_01151.jpg,Class_1/class_1_01151.jpg,1,Oil Spill
class_0_02991.jpg,Class_0/class_0_02991.jpg,0,No Oil Spill
class_0_00461.jpg,Class_0/class_0_00461.jpg,0,No Oil Spill
class_0_00991.jpg,Class_0/class_0_00991.jpg,0,No Oil Spill
class_0_02611.jpg,Class_0/class_0_02611.jpg,0,No Oil Spill
class_1_01249.jpg,Class_1/class_1_01249.jpg,1,Oil Spill
class_1_01723.jpg,Class_1/class_1_01723.jpg,1,Oil Spill
class_1_00089.jpg,Class_1/class_1_00089.jpg,1,Oil Spill
class_0_01826.jpg,Class_0/class_0_01826.jpg,0,No Oil Spill
class_1_00090.jpg,Class_1/class_1_00090.jpg,1,Oil Spill
class_0_01520.jpg,Class_0/class_0_01520.jpg,0,No Oil Spill
class_0_02319.jpg,Class_0/class_0_02319.jpg,0,No Oil Spill
class_1_01571.jpg,Class_1/class_1_01571.jpg,1,Oil Spill
class_1_01649.jpg,Class_1/class_1_01649.jpg,1,Oil Spill
class_1_00082.jpg,Class_1/class_1_00082.jpg,1,Oil Spill
class_1_00579.jpg,Class_1/class_1_00579.jpg,1,Oil Spill
class_0_02059.jpg,Class_0/class_0_02059.jpg,0,No Oil Spill
class_1_00673.jpg,Class_1/class_1_00673.jpg,1,Oil Spill
class_0_01095.jpg,Class_0/class_0_01095.jpg,0,No Oil Spill
class_0_01888.jpg,Class_0/class_0_01888.jpg,0,No Oil Spill
class_1_00020.jpg,Class_1/class_1_00020.jpg,1,Oil Spill
class_0_01962.jpg,Class_0/class_0_01962.jpg,0,No Oil Spill
class_0_02869.jpg,Class_0/class_0_02869.jpg,0,No Oil Spill
class_1_00789.jpg,Class_1/class_1_00789.jpg,1,Oil Spill
class_1_01660.jpg,Class_1/class_1_01660.jpg,1,Oil Spill
class_0_00829.jpg,Class_0/class_0_00829.jpg,0,No Oil Spill
class_0_00195.jpg,Class_0/class_0_00195.jpg,0,No Oil Spill
class_1_00413.jpg,Class_1/class_1_00413.jpg,1,Oil Spill
class_0_03417.jpg,Class_0/class_0_03417.jpg,0,No Oil Spill
class_0_03363.jpg,Class_0/class_0_03363.jpg,0,No Oil Spill
class_0_02334.jpg,Class_0/class_0_02334.jpg,0,No Oil Spill
class_1_00028.jpg,Class_1/class_1_00028.jpg,1,Oil Spill
class_1_00690.jpg,Class_1/class_1_00690.jpg,1,Oil Spill
class_0_03090.jpg,Class_0/class_0_03090.jpg,0,No Oil Spill
class_0_01508.jpg,Class_0/class_0_01508.jpg,0,No Oil Spill
class_0_00137.jpg,Class_0/class_0_00137.jpg,0,No Oil Spill
class_0_02411.jpg,Class_0/class_0_02411.jpg,0,No Oil Spill
class_0_03368.jpg,Class_0/class_0_03368.jpg,0,No Oil Spill
class_1_01778.jpg,Class_1/class_1_01778.jpg,1,Oil Spill
class_0_03403.jpg,Class_0/class_0_03403.jpg,0,No Oil Spill
class_0_02739.jpg,Class_0/class_0_02739.jpg,0,No Oil Spill
class_0_03550.jpg,Class_0/class_0_03550.jpg,0,No Oil Spill
class_1_00400.jpg,Class_1/class_1_00400.jpg,1,Oil Spill
class_0_02129.jpg,Class_0/class_0_02129.jpg,0,No Oil Spill
class_0_01629.jpg,Class_0/class_0_01629.jpg,0,No Oil Spill
class_0_01209.jpg,Class_0/class_0_01209.jpg,0,No Oil Spill
class_0_00629.jpg,Class_0/class_0_00629.jpg,0,No Oil Spill
class_1_00909.jpg,Class_1/class_1_00909.jpg,1,Oil Spill
class_0_02688.jpg,Class_0/class_0_02688.jpg,0,No Oil Spill
class_1_00732.jpg,Class_1/class_1_00732.jpg,1,Oil Spill
class_0_03244.jpg,Class_0/class_0_03244.jpg,0,No Oil Spill
class_0_03511.jpg,Class_0/class_0_03511.jpg,0,No Oil Spill
class_0_01132.jpg,Class_0/class_0_01132.jpg,0,No Oil Spill
class_0_02300.jpg,Class_0/class_0_02300.jpg,0,No Oil Spill
class_1_01132.jpg,Class_1/class_1_01132.jpg,1,Oil Spill
class_0_01404.jpg,Class_0/class_0_01404.jpg,0,No Oil Spill
class_0_01780.jpg,Class_0/class_0_01780.jpg,0,No Oil Spill
class_0_02379.jpg,Class_0/class_0_02379.jpg,0,No Oil Spill
class_0_00369.jpg,Class_0/class_0_00369.jpg,0,No Oil Spill
class_0_00833.jpg,Class_0/class_0_00833.jpg,0,No Oil Spill
class_1_01486.jpg,Class_1/class_1_01486.jpg,1,Oil Spill
class_0_02477.jpg,Class_0/class_0_02477.jpg,0,No Oil Spill
class_0_03112.jpg,Class_0/class_0_03112.jpg,0,No Oil Spill
class_0_00960.jpg,Class_0/class_0_00960.jpg,0,No Oil Spill
class_0_02193.jpg,Class_0/class_0_02193.jpg,0,No Oil Spill
class_0_00918.jpg,Class_0/class_0_00918.jpg,0,No Oil Spill
class_0_01681.jpg,Class_0/class_0_01681.jpg,0,No Oil Spill
class_1_00442.jpg,Class_1/class_1_00442.jpg,1,Oil Spill
class_0_00818.jpg,Class_0/class_0_00818.jpg,0,No Oil Spill
class_0_00988.jpg,Class_0/class_0_00988.jpg,0,No Oil Spill
class_0_00156.jpg,Class_0/class_0_00156.jpg,0,No Oil Spill
class_0_00166.jpg,Class_0/class_0_00166.jpg,0,No Oil Spill
class_1_00911.jpg,Class_1/class_1_00911.jpg,1,Oil Spill
class_1_00466.jpg,Class_1/class_1_00466.jpg,1,Oil Spill
class_0_01623.jpg,Class_0/class_0_01623.jpg,0,No Oil Spill
class_1_00815.jpg,Class_1/class_1_00815.jpg,1,Oil Spill
class_0_00082.jpg,Class_0/class_0_00082.jpg,0,No Oil Spill
class_0_02556.jpg,Class_0/class_0_02556.jpg,0,No Oil Spill
class_0_02380.jpg,Class_0/class_0_02380.jpg,0,No Oil Spill
class_1_00749.jpg,Class_1/class_1_00749.jpg,1,Oil Spill
class_1_00818.jpg,Class_1/class_1_00818.jpg,1,Oil Spill
class_0_03444.jpg,Class_0/class_0_03444.jpg,0,No Oil Spill
class_0_02516.jpg,Class_0/class_0_02516.jpg,0,No Oil Spill
class_0_03274.jpg,Class_0/class_0_03274.jpg,0,No Oil Spill
class_0_01948.jpg,Class_0/class_0_01948.jpg,0,No Oil Spill
class_0_01462.jpg,Class_0/class_0_01462.jpg,0,No Oil Spill
class_0_00544.jpg,Class_0/class_0_00544.jpg,0,No Oil Spill
class_0_00209.jpg,Class_0/class_0_00209.jpg,0,No Oil Spill
class_0_00947.jpg,Class_0/class_0_00947.jpg,0,No Oil Spill
class_0_01868.jpg,Class_0/class_0_01868.jpg,0,No Oil Spill
class_0_03178.jpg,Class_0/class_0_03178.jpg,0,No Oil Spill
class_0_01243.jpg,Class_0/class_0_01243.jpg,0,No Oil Spill
class_0_00827.jpg,Class_0/class_0_00827.jpg,0,No Oil Spill
class_0_02773.jpg,Class_0/class_0_02773.jpg,0,No Oil Spill
class_0_02472.jpg,Class_0/class_0_02472.jpg,0,No Oil Spill
class_1_00346.jpg,Class_1/class_1_00346.jpg,1,Oil Spill
class_0_01717.jpg,Class_0/class_0_01717.jpg,0,No Oil Spill
class_0_01117.jpg,Class_0/class_0_01117.jpg,0,No Oil Spill
class_0_00982.jpg,Class_0/class_0_00982.jpg,0,No Oil Spill
class_0_02638.jpg,Class_0/class_0_02638.jpg,0,No Oil Spill
class_1_01621.jpg,Class_1/class_1_01621.jpg,1,Oil Spill
class_1_01521.jpg,Class_1/class_1_01521.jpg,1,Oil Spill
class_0_01373.jpg,Class_0/class_0_01373.jpg,0,No Oil Spill
class_0_02636.jpg,Class_0/class_0_02636.jpg,0,No Oil Spill
class_0_01869.jpg,Class_0/class_0_01869.jpg,0,No Oil Spill
class_0_03461.jpg,Class_0/class_0_03461.jpg,0,No Oil Spill
class_0_00314.jpg,Class_0/class_0_00314.jpg,0,No Oil Spill
class_0_00819.jpg,Class_0/class_0_00819.jpg,0,No Oil Spill
class_0_01920.jpg,Class_0/class_0_01920.jpg,0,No Oil Spill
class_0_02439.jpg,Class_0/class_0_02439.jpg,0,No Oil Spill
class_0_01203.jpg,Class_0/class_0_01203.jpg,0,No Oil Spill
class_0_03682.jpg,Class_0/class_0_03682.jpg,0,No Oil Spill
class_0_03355.jpg,Class_0/class_0_03355.jpg,0,No Oil Spill
class_1_00494.jpg,Class_1/class_1_00494.jpg,1,Oil Spill
class_0_01014.jpg,Class_0/class_0_01014.jpg,0,No Oil Spill
class_0_00949.jpg,Class_0/class_0_00949.jpg,0,No Oil Spill
class_0_02770.jpg,Class_0/class_0_02770.jpg,0,No Oil Spill
class_1_00226.jpg,Class_1/class_1_00226.jpg,1,Oil Spill
class_0_02908.jpg,Class_0/class_0_02908.jpg,0,No Oil Spill
class_1_01172.jpg,Class_1/class_1_01172.jpg,1,Oil Spill
class_0_03555.jpg,Class_0/class_0_03555.jpg,0,No Oil Spill
class_0_01693.jpg,Class_0/class_0_01693.jpg,0,No Oil Spill
class_1_00231.jpg,Class_1/class_1_00231.jpg,1,Oil Spill
class_0_01410.jpg,Class_0/class_0_01410.jpg,0,No Oil Spill
class_0_03418.jpg,Class_0/class_0_03418.jpg,0,No Oil Spill
class_0_02194.jpg,Class_0/class_0_02194.jpg,0,No Oil Spill
class_0_02844.jpg,Class_0/class_0_02844.jpg,0,No Oil Spill
class_0_01365.jpg,Class_0/class_0_01365.jpg,0,No Oil Spill
class_0_01400.jpg,Class_0/class_0_01400.jpg,0,No Oil Spill
class_0_01216.jpg,Class_0/class_0_01216.jpg,0,No Oil Spill
class_0_01624.jpg,Class_0/class_0_01624.jpg,0,No Oil Spill
class_1_01608.jpg,Class_1/class_1_01608.jpg,1,Oil Spill
class_0_00599.jpg,Class_0/class_0_00599.jpg,0,No Oil Spill
class_0_00019.jpg,Class_0/class_0_00019.jpg,0,No Oil Spill
class_1_00058.jpg,Class_1/class_1_00058.jpg,1,Oil Spill
class_0_02939.jpg,Class_0/class_0_02939.jpg,0,No Oil Spill
class_1_01762.jpg,Class_1/class_1_01762.jpg,1,Oil Spill
class_1_01670.jpg,Class_1/class_1_01670.jpg,1,Oil Spill
class_1_00962.jpg,Class_1/class_1_00962.jpg,1,Oil Spill
class_0_01797.jpg,Class_0/class_0_01797.jpg,0,No Oil Spill
class_0_01308.jpg,Class_0/class_0_01308.jpg,0,No Oil Spill
class_1_01839.jpg,Class_1/class_1_01839.jpg,1,Oil Spill
class_1_00081.jpg,Class_1/class_1_00081.jpg,1,Oil Spill
class_0_02571.jpg,Class_0/class_0_02571.jpg,0,No Oil Spill
class_1_00427.jpg,Class_1/class_1_00427.jpg,1,Oil Spill
class_1_00547.jpg,Class_1/class_1_00547.jpg,1,Oil Spill
class_0_00852.jpg,Class_0/class_0_00852.jpg,0,No Oil Spill
class_1_01006.jpg,Class_1/class_1_01006.jpg,1,Oil Spill
class_0_01204.jpg,Class_0/class_0_01204.jpg,0,No Oil Spill
class_0_02006.jpg,Class_0/class_0_02006.jpg,0,No Oil Spill
class_1_00708.jpg,Class_1/class_1_00708.jpg,1,Oil Spill
class_0_03142.jpg,Class_0/class_0_03142.jpg,0,No Oil Spill
class_0_00263.jpg,Class_0/class_0_00263.jpg,0,No Oil Spill
class_0_00694.jpg,Class_0/class_0_00694.jpg,0,No Oil Spill
class_0_01279.jpg,Class_0/class_0_01279.jpg,0,No Oil Spill
class_0_03289.jpg,Class_0/class_0_03289.jpg,0,No Oil Spill
class_0_01746.jpg,Class_0/class_0_01746.jpg,0,No Oil Spill
class_0_02376.jpg,Class_0/class_0_02376.jpg,0,No Oil Spill
class_0_02323.jpg,Class_0/class_0_02323.jpg,0,No Oil Spill
class_0_00288.jpg,Class_0/class_0_00288.jpg,0,No Oil Spill
class_1_00731.jpg,Class_1/class_1_00731.jpg,1,Oil Spill
class_1_00449.jpg,Class_1/class_1_00449.jpg,1,Oil Spill
class_0_02819.jpg,Class_0/class_0_02819.jpg,0,No Oil Spill
class_1_01257.jpg,Class_1/class_1_01257.jpg,1,Oil Spill
class_0_03221.jpg,Class_0/class_0_03221.jpg,0,No Oil Spill
class_0_00429.jpg,Class_0/class_0_00429.jpg,0,No Oil Spill
class_1_00275.jpg,Class_1/class_1_00275.jpg,1,Oil Spill
class_0_01903.jpg,Class_0/class_0_01903.jpg,0,No Oil Spill
class_0_03358.jpg,Class_0/class_0_03358.jpg,0,No Oil Spill
class_1_00317.jpg,Class_1/class_1_00317.jpg,1,Oil Spill
class_0_01408.jpg,Class_0/class_0_01408.jpg,0,No Oil Spill
class_1_00655.jpg,Class_1/class_1_00655.jpg,1,Oil Spill
class_0_01752.jpg,Class_0/class_0_01752.jpg,0,No Oil Spill
class_0_02711.jpg,Class_0/class_0_02711.jpg,0,No Oil Spill
class_0_01931.jpg,Class_0/class_0_01931.jpg,0,No Oil Spill
class_0_02452.jpg,Class_0/class_0_02452.jpg,0,No Oil Spill
class_0_03469.jpg,Class_0/class_0_03469.jpg,0,No Oil Spill
class_0_00847.jpg,Class_0/class_0_00847.jpg,0,No Oil Spill
class_0_02603.jpg,Class_0/class_0_02603.jpg,0,No Oil Spill
class_0_01621.jpg,Class_0/class_0_01621.jpg,0,No Oil Spill
class_0_01073.jpg,Class_0/class_0_01073.jpg,0,No Oil Spill
class_0_02456.jpg,Class_0/class_0_02456.jpg,0,No Oil Spill
class_1_01484.jpg,Class_1/class_1_01484.jpg,1,Oil Spill
class_0_01823.jpg,Class_0/class_0_01823.jpg,0,No Oil Spill
class_1_00986.jpg,Class_1/class_1_00986.jpg,1,Oil Spill
class_0_03086.jpg,Class_0/class_0_03086.jpg,0,No Oil Spill
class_0_03512.jpg,Class_0/class_0_03512.jpg,0,No Oil Spill
class_0_02139.jpg,Class_0/class_0_02139.jpg,0,No Oil Spill
class_1_00782.jpg,Class_1/class_1_00782.jpg,1,Oil Spill
class_1_01625.jpg,Class_1/class_1_01625.jpg,1,Oil Spill
class_0_00773.jpg,Class_0/class_0_00773.jpg,0,No Oil Spill
class_1_00637.jpg,Class_1/class_1_00637.jpg,1,Oil Spill
class_1_00037.jpg,Class_1/class_1_00037.jpg,1,Oil Spill
class_0_02552.jpg,Class_0/class_0_02552.jpg,0,No Oil Spill
class_0_02678.jpg,Class_0/class_0_02678.jpg,0,No Oil Spill
class_0_03147.jpg,Class_0/class_0_03147.jpg,0,No Oil Spill
class_0_00678.jpg,Class_0/class_0_00678.jpg,0,No Oil Spill
class_0_00620.jpg,Class_0/class_0_00620.jpg,0,No Oil Spill
class_0_00573.jpg,Class_0/class_0_00573.jpg,0,No Oil Spill
class_1_00460.jpg,Class_1/class_1_00460.jpg,1,Oil Spill
class_0_00753.jpg,Class_0/class_0_00753.jpg,0,No Oil Spill
class_0_02368.jpg,Class_0/class_0_02368.jpg,0,No Oil Spill
class_0_01858.jpg,Class_0/class_0_01858.jpg,0,No Oil Spill
class_0_03226.jpg,Class_0/class_0_03226.jpg,0,No Oil Spill
class_0_00418.jpg,Class_0/class_0_00418.jpg,0,No Oil Spill
class_0_00215.jpg,Class_0/class_0_00215.jpg,0,No Oil Spill
class_0_02643.jpg,Class_0/class_0_02643.jpg,0,No Oil Spill
class_0_03348.jpg,Class_0/class_0_03348.jpg,0,No Oil Spill
class_0_02434.jpg,Class_0/class_0_02434.jpg,0,No Oil Spill
class_1_01619.jpg,Class_1/class_1_01619.jpg,1,Oil Spill
class_0_02292.jpg,Class_0/class_0_02292.jpg,0,No Oil Spill
class_0_03352.jpg,Class_0/class_0_03352.jpg,0,No Oil Spill
class_1_01757.jpg,Class_1/class_1_01757.jpg,1,Oil Spill
class_0_00921.jpg,Class_0/class_0_00921.jpg,0,No Oil Spill
class_1_00069.jpg,Class_1/class_1_00069.jpg,1,Oil Spill
class_0_03620.jpg,Class_0/class_0_03620.jpg,0,No Oil Spill
class_0_02024.jpg,Class_0/class_0_02024.jpg,0,No Oil Spill
class_0_00621.jpg,Class_0/class_0_00621.jpg,0,No Oil Spill
class_1_01790.jpg,Class_1/class_1_01790.jpg,1,Oil Spill
class_0_00719.jpg,Class_0/class_0_00719.jpg,0,No Oil Spill
class_1_01184.jpg,Class_1/class_1_01184.jpg,1,Oil Spill
class_1_01144.jpg,Class_1/class_1_01144.jpg,1,Oil Spill
class_0_01887.jpg,Class_0/class_0_01887.jpg,0,No Oil Spill
class_0_03002.jpg,Class_0/class_0_03002.jpg,0,No Oil Spill
class_1_01334.jpg,Class_1/class_1_01334.jpg,1,Oil Spill
class_0_03495.jpg,Class_0/class_0_03495.jpg,0,No Oil Spill
class_0_03644.jpg,Class_0/class_0_03644.jpg,0,No Oil Spill
class_0_02769.jpg,Class_0/class_0_02769.jpg,0,No Oil Spill
class_1_00968.jpg,Class_1/class_1_00968.jpg,1,Oil Spill
class_0_01909.jpg,Class_0/class_0_01909.jpg,0,No Oil Spill
class_1_00531.jpg,Class_1/class_1_00531.jpg,1,Oil Spill
class_0_03189.jpg,Class_0/class_0_03189.jpg,0,No Oil Spill
class_0_00225.jpg,Class_0/class_0_00225.jpg,0,No Oil Spill
class_0_03515.jpg,Class_0/class_0_03515.jpg,0,No Oil Spill
class_0_00556.jpg,Class_0/class_0_00556.jpg,0,No Oil Spill
class_0_02952.jpg,Class_0/class_0_02952.jpg,0,No Oil Spill
class_0_03164.jpg,Class_0/class_0_03164.jpg,0,No Oil Spill
class_0_03214.jpg,Class_0/class_0_03214.jpg,0,No Oil Spill
class_0_01615.jpg,Class_0/class_0_01615.jpg,0,No Oil Spill
class_0_03611.jpg,Class_0/class_0_03611.jpg,0,No Oil Spill
class_0_01851.jpg,Class_0/class_0_01851.jpg,0,No Oil Spill
class_0_01485.jpg,Class_0/class_0_01485.jpg,0,No Oil Spill
class_0_00285.jpg,Class_0/class_0_00285.jpg,0,No Oil Spill
class_1_00804.jpg,Class_1/class_1_00804.jpg,1,Oil Spill
class_0_01839.jpg,Class_0/class_0_01839.jpg,0,No Oil Spill
class_0_03012.jpg,Class_0/class_0_03012.jpg,0,No Oil Spill
class_0_02417.jpg,Class_0/class_0_02417.jpg,0,No Oil Spill
class_1_00805.jpg,Class_1/class_1_00805.jpg,1,Oil Spill
class_0_02980.jpg,Class_0/class_0_02980.jpg,0,No Oil Spill
class_0_03462.jpg,Class_0/class_0_03462.jpg,0,No Oil Spill
class_1_01822.jpg,Class_1/class_1_01822.jpg,1,Oil Spill
class_0_00898.jpg,Class_0/class_0_00898.jpg,0,No Oil Spill
class_0_01565.jpg,Class_0/class_0_01565.jpg,0,No Oil Spill
class_0_03132.jpg,Class_0/class_0_03132.jpg,0,No Oil Spill
class_1_01534.jpg,Class_1/class_1_01534.jpg,1,Oil Spill
class_1_01084.jpg,Class_1/class_1_01084.jpg,1,Oil Spill
class_1_01111.jpg,Class_1/class_1_01111.jpg,1,Oil Spill
class_0_02390.jpg,Class_0/class_0_02390.jpg,0,No Oil Spill
class_0_01329.jpg,Class_0/class_0_01329.jpg,0,No Oil Spill
class_1_01464.jpg,Class_1/class_1_01464.jpg,1,Oil Spill
class_0_02774.jpg,Class_0/class_0_02774.jpg,0,No Oil Spill
class_0_03482.jpg,Class_0/class_0_03482.jpg,0,No Oil Spill
class_1_01681.jpg,Class_1/class_1_01681.jpg,1,Oil Spill
class_0_03107.jpg,Class_0/class_0_03107.jpg,0,No Oil Spill
class_1_01558.jpg,Class_1/class_1_01558.jpg,1,Oil Spill
class_0_02927.jpg,Class_0/class_0_02927.jpg,0,No Oil Spill
class_0_03262.jpg,Class_0/class_0_03262.jpg,0,No Oil Spill
class_1_00314.jpg,Class_1/class_1_00314.jpg,1,Oil Spill
class_1_00881.jpg,Class_1/class_1_00881.jpg,1,Oil Spill
class_1_01216.jpg,Class_1/class_1_01216.jpg,1,Oil Spill
class_0_03235.jpg,Class_0/class_0_03235.jpg,0,No Oil Spill
class_0_01102.jpg,Class_0/class_0_01102.jpg,0,No Oil Spill
class_0_00324.jpg,Class_0/class_0_00324.jpg,0,No Oil Spill
class_0_02111.jpg,Class_0/class_0_02111.jpg,0,No Oil Spill
class_0_00630.jpg,Class_0/class_0_00630.jpg,0,No Oil Spill
class_0_00053.jpg,Class_0/class_0_00053.jpg,0,No Oil Spill
class_0_03077.jpg,Class_0/class_0_03077.jpg,0,No Oil Spill
class_1_01320.jpg,Class_1/class_1_01320.jpg,1,Oil Spill
class_0_03523.jpg,Class_0/class_0_03523.jpg,0,No Oil Spill
class_0_01679.jpg,Class_0/class_0_01679.jpg,0,No Oil Spill
class_0_03096.jpg,Class_0/class_0_03096.jpg,0,No Oil Spill
class_0_00677.jpg,Class_0/class_0_00677.jpg,0,No Oil Spill
class_0_02871.jpg,Class_0/class_0_02871.jpg,0,No Oil Spill
class_1_01194.jpg,Class_1/class_1_01194.jpg,1,Oil Spill
class_1_01091.jpg,Class_1/class_1_01091.jpg,1,Oil Spill
class_0_02213.jpg,Class_0/class_0_02213.jpg,0,No Oil Spill
class_1_00169.jpg,Class_1/class_1_00169.jpg,1,Oil Spill
class_1_00152.jpg,Class_1/class_1_00152.jpg,1,Oil Spill
class_1_01677.jpg,Class_1/class_1_01677.jpg,1,Oil Spill
class_0_03434.jpg,Class_0/class_0_03434.jpg,0,No Oil Spill
class_1_00066.jpg,Class_1/class_1_00066.jpg,1,Oil Spill
class_0_02116.jpg,Class_0/class_0_02116.jpg,0,No Oil Spill
class_0_00070.jpg,Class_0/class_0_00070.jpg,0,No Oil Spill
class_1_00634.jpg,Class_1/class_1_00634.jpg,1,Oil Spill
class_1_01174.jpg,Class_1/class_1_01174.jpg,1,Oil Spill
class_0_03686.jpg,Class_0/class_0_03686.jpg,0,No Oil Spill
class_1_01718.jpg,Class_1/class_1_01718.jpg,1,Oil Spill
class_0_02639.jpg,Class_0/class_0_02639.jpg,0,No Oil Spill
class_0_03288.jpg,Class_0/class_0_03288.jpg,0,No Oil Spill
class_0_01453.jpg,Class_0/class_0_01453.jpg,0,No Oil Spill
class_1_01213.jpg,Class_1/class_1_01213.jpg,1,Oil Spill
class_0_03527.jpg,Class_0/class_0_03527.jpg,0,No Oil Spill
class_1_00155.jpg,Class_1/class_1_00155.jpg,1,Oil Spill
class_0_02433.jpg,Class_0/class_0_02433.jpg,0,No Oil Spill
class_0_03491.jpg,Class_0/class_0_03491.jpg,0,No Oil Spill
class_1_00060.jpg,Class_1/class_1_00060.jpg,1,Oil Spill
class_0_03421.jpg,Class_0/class_0_03421.jpg,0,No Oil Spill
class_0_00716.jpg,Class_0/class_0_00716.jpg,0,No Oil Spill
class_0_01662.jpg,Class_0/class_0_01662.jpg,0,No Oil Spill
class_0_01435.jpg,Class_0/class_0_01435.jpg,0,No Oil Spill
class_0_02049.jpg,Class_0/class_0_02049.jpg,0,No Oil Spill
class_1_00091.jpg,Class_1/class_1_00091.jpg,1,Oil Spill
class_0_02790.jpg,Class_0/class_0_02790.jpg,0,No Oil Spill
class_1_00289.jpg,Class_1/class_1_00289.jpg,1,Oil Spill
class_0_00196.jpg,Class_0/class_0_00196.jpg,0,No Oil Spill
class_1_01395.jpg,Class_1/class_1_01395.jpg,1,Oil Spill
class_0_01031.jpg,Class_0/class_0_01031.jpg,0,No Oil Spill
class_1_00648.jpg,Class_1/class_1_00648.jpg,1,Oil Spill
class_0_02338.jpg,Class_0/class_0_02338.jpg,0,No Oil Spill
class_0_02120.jpg,Class_0/class_0_02120.jpg,0,No Oil Spill
class_0_02793.jpg,Class_0/class_0_02793.jpg,0,No Oil Spill
class_0_03150.jpg,Class_0/class_0_03150.jpg,0,No Oil Spill
class_0_02652.jpg,Class_0/class_0_02652.jpg,0,No Oil Spill
class_0_01519.jpg,Class_0/class_0_01519.jpg,0,No Oil Spill
class_0_00251.jpg,Class_0/class_0_00251.jpg,0,No Oil Spill
class_1_00829.jpg,Class_1/class_1_00829.jpg,1,Oil Spill
class_0_03632.jpg,Class_0/class_0_03632.jpg,0,No Oil Spill
class_0_02360.jpg,Class_0/class_0_02360.jpg,0,No Oil Spill
class_0_02835.jpg,Class_0/class_0_02835.jpg,0,No Oil Spill
class_1_00249.jpg,Class_1/class_1_00249.jpg,1,Oil Spill
class_1_00800.jpg,Class_1/class_1_00800.jpg,1,Oil Spill
class_0_02877.jpg,Class_0/class_0_02877.jpg,0,No Oil Spill
class_0_00790.jpg,Class_0/class_0_00790.jpg,0,No Oil Spill
class_0_03603.jpg,Class_0/class_0_03603.jpg,0,No Oil Spill
class_0_01235.jpg,Class_0/class_0_01235.jpg,0,No Oil Spill
class_1_00849.jpg,Class_1/class_1_00849.jpg,1,Oil Spill
class_0_00072.jpg,Class_0/class_0_00072.jpg,0,No Oil Spill
class_1_01495.jpg,Class_1/class_1_01495.jpg,1,Oil Spill
class_0_01422.jpg,Class_0/class_0_01422.jpg,0,No Oil Spill
class_1_00150.jpg,Class_1/class_1_00150.jpg,1,Oil Spill
class_0_00295.jpg,Class_0/class_0_00295.jpg,0,No Oil Spill
class_0_00406.jpg,Class_0/class_0_00406.jpg,0,No Oil Spill
class_0_02342.jpg,Class_0/class_0_02342.jpg,0,No Oil Spill
class_0_01523.jpg,Class_0/class_0_01523.jpg,0,No Oil Spill
class_0_00802.jpg,Class_0/class_0_00802.jpg,0,No Oil Spill
class_1_00570.jpg,Class_1/class_1_00570.jpg,1,Oil Spill
class_1_00939.jpg,Class_1/class_1_00939.jpg,1,Oil Spill
class_0_01160.jpg,Class_0/class_0_01160.jpg,0,No Oil Spill
class_0_03651.jpg,Class_0/class_0_03651.jpg,0,No Oil Spill
class_0_00912.jpg,Class_0/class_0_00912.jpg,0,No Oil Spill
class_0_01602.jpg,Class_0/class_0_01602.jpg,0,No Oil Spill
class_1_00779.jpg,Class_1/class_1_00779.jpg,1,Oil Spill
class_0_00322.jpg,Class_0/class_0_00322.jpg,0,No Oil Spill
class_0_01875.jpg,Class_0/class_0_01875.jpg,0,No Oil Spill
class_0_01867.jpg,Class_0/class_0_01867.jpg,0,No Oil Spill
class_0_02337.jpg,Class_0/class_0_02337.jpg,0,No Oil Spill
class_0_03579.jpg,Class_0/class_0_03579.jpg,0,No Oil Spill
class_0_03234.jpg,Class_0/class_0_03234.jpg,0,No Oil Spill
class_1_01013.jpg,Class_1/class_1_01013.jpg,1,Oil Spill
class_0_00040.jpg,Class_0/class_0_00040.jpg,0,No Oil Spill
class_0_02330.jpg,Class_0/class_0_02330.jpg,0,No Oil Spill
class_1_01253.jpg,Class_1/class_1_01253.jpg,1,Oil Spill
class_0_00049.jpg,Class_0/class_0_00049.jpg,0,No Oil Spill
class_1_00359.jpg,Class_1/class_1_00359.jpg,1,Oil Spill
class_0_01526.jpg,Class_0/class_0_01526.jpg,0,No Oil Spill
class_0_00177.jpg,Class_0/class_0_00177.jpg,0,No Oil Spill
class_0_02749.jpg,Class_0/class_0_02749.jpg,0,No Oil Spill
class_0_00077.jpg,Class_0/class_0_00077.jpg,0,No Oil Spill
class_1_00370.jpg,Class_1/class_1_00370.jpg,1,Oil Spill
class_0_01620.jpg,Class_0/class_0_01620.jpg,0,No Oil Spill
class_0_01179.jpg,Class_0/class_0_01179.jpg,0,No Oil Spill
class_0_03433.jpg,Class_0/class_0_03433.jpg,0,No Oil Spill
class_0_01053.jpg,Class_0/class_0_01053.jpg,0,No Oil Spill
class_0_02186.jpg,Class_0/class_0_02186.jpg,0,No Oil Spill
class_1_00401.jpg,Class_1/class_1_00401.jpg,1,Oil Spill
class_1_01782.jpg,Class_1/class_1_01782.jpg,1,Oil Spill
class_0_00637.jpg,Class_0/class_0_00637.jpg,0,No Oil Spill
class_0_01010.jpg,Class_0/class_0_01010.jpg,0,No Oil Spill
class_1_00969.jpg,Class_1/class_1_00969.jpg,1,Oil Spill
class_0_01077.jpg,Class_0/class_0_01077.jpg,0,No Oil Spill
class_0_00874.jpg,Class_0/class_0_00874.jpg,0,No Oil Spill
class_0_03298.jpg,Class_0/class_0_03298.jpg,0,No Oil Spill
class_1_00578.jpg,Class_1/class_1_00578.jpg,1,Oil Spill
class_0_03564.jpg,Class_0/class_0_03564.jpg,0,No Oil Spill
class_0_02014.jpg,Class_0/class_0_02014.jpg,0,No Oil Spill
class_1_00165.jpg,Class_1/class_1_00165.jpg,1,Oil Spill
class_0_00523.jpg,Class_0/class_0_00523.jpg,0,No Oil Spill
class_0_01539.jpg,Class_0/class_0_01539.jpg,0,No Oil Spill
class_1_01241.jpg,Class_1/class_1_01241.jpg,1,Oil Spill
class_1_00344.jpg,Class_1/class_1_00344.jpg,1,Oil Spill
class_1_01663.jpg,Class_1/class_1_01663.jpg,1,Oil Spill
class_0_01483.jpg,Class_0/class_0_01483.jpg,0,No Oil Spill
class_1_00474.jpg,Class_1/class_1_00474.jpg,1,Oil Spill
class_0_01699.jpg,Class_0/class_0_01699.jpg,0,No Oil Spill
class_0_01007.jpg,Class_0/class_0_01007.jpg,0,No Oil Spill
class_0_01725.jpg,Class_0/class_0_01725.jpg,0,No Oil Spill
class_0_01172.jpg,Class_0/class_0_01172.jpg,0,No Oil Spill
class_0_01382.jpg,Class_0/class_0_01382.jpg,0,No Oil Spill
class_0_01894.jpg,Class_0/class_0_01894.jpg,0,No Oil Spill
class_1_00515.jpg,Class_1/class_1_00515.jpg,1,Oil Spill
class_0_00700.jpg,Class_0/class_0_00700.jpg,0,No Oil Spill
class_0_00951.jpg,Class_0/class_0_00951.jpg,0,No Oil Spill
class_0_00766.jpg,Class_0/class_0_00766.jpg,0,No Oil Spill
class_0_02324.jpg,Class_0/class_0_02324.jpg,0,No Oil Spill
class_1_00229.jpg,Class_1/class_1_00229.jpg,1,Oil Spill
class_0_03193.jpg,Class_0/class_0_03193.jpg,0,No Oil Spill
class_0_01158.jpg,Class_0/class_0_01158.jpg,0,No Oil Spill
class_1_01607.jpg,Class_1/class_1_01607.jpg,1,Oil Spill
class_0_02693.jpg,Class_0/class_0_02693.jpg,0,No Oil Spill
class_0_00624.jpg,Class_0/class_0_00624.jpg,0,No Oil Spill
class_1_00448.jpg,Class_1/class_1_00448.jpg,1,Oil Spill
class_0_00807.jpg,Class_0/class_0_00807.jpg,0,No Oil Spill
class_0_00185.jpg,Class_0/class_0_00185.jpg,0,No Oil Spill
class_0_02367.jpg,Class_0/class_0_02367.jpg,0,No Oil Spill
class_1_00612.jpg,Class_1/class_1_00612.jpg,1,Oil Spill
class_0_03001.jpg,Class_0/class_0_03001.jpg,0,No Oil Spill
class_0_02962.jpg,Class_0/class_0_02962.jpg,0,No Oil Spill
class_0_01144.jpg,Class_0/class_0_01144.jpg,0,No Oil Spill
class_0_01974.jpg,Class_0/class_0_01974.jpg,0,No Oil Spill
class_1_01233.jpg,Class_1/class_1_01233.jpg,1,Oil Spill
class_0_02259.jpg,Class_0/class_0_02259.jpg,0,No Oil Spill
class_0_03149.jpg,Class_0/class_0_03149.jpg,0,No Oil Spill
class_0_02130.jpg,Class_0/class_0_02130.jpg,0,No Oil Spill
class_0_00646.jpg,Class_0/class_0_00646.jpg,0,No Oil Spill
class_1_01141.jpg,Class_1/class_1_01141.jpg,1,Oil Spill
class_1_00122.jpg,Class_1/class_1_00122.jpg,1,Oil Spill
class_1_01340.jpg,Class_1/class_1_01340.jpg,1,Oil Spill
class_0_03104.jpg,Class_0/class_0_03104.jpg,0,No Oil Spill
class_0_00950.jpg,Class_0/class_0_00950.jpg,0,No Oil Spill
class_0_01293.jpg,Class_0/class_0_01293.jpg,0,No Oil Spill
class_0_01674.jpg,Class_0/class_0_01674.jpg,0,No Oil Spill
class_0_00237.jpg,Class_0/class_0_00237.jpg,0,No Oil Spill
class_0_00424.jpg,Class_0/class_0_00424.jpg,0,No Oil Spill
class_1_00080.jpg,Class_1/class_1_00080.jpg,1,Oil Spill
class_0_01632.jpg,Class_0/class_0_01632.jpg,0,No Oil Spill
class_0_01771.jpg,Class_0/class_0_01771.jpg,0,No Oil Spill
class_1_00768.jpg,Class_1/class_1_00768.jpg,1,Oil Spill
class_0_02940.jpg,Class_0/class_0_02940.jpg,0,No Oil Spill
class_0_03293.jpg,Class_0/class_0_03293.jpg,0,No Oil Spill
class_1_01396.jpg,Class_1/class_1_01396.jpg,1,Oil Spill
class_1_01373.jpg,Class_1/class_1_01373.jpg,1,Oil Spill
class_0_01492.jpg,Class_0/class_0_01492.jpg,0,No Oil Spill
class_0_00172.jpg,Class_0/class_0_00172.jpg,0,No Oil Spill
class_1_01293.jpg,Class_1/class_1_01293.jpg,1,Oil Spill
class_1_00812.jpg,Class_1/class_1_00812.jpg,1,Oil Spill
class_0_00658.jpg,Class_0/class_0_00658.jpg,0,No Oil Spill
class_1_01285.jpg,Class_1/class_1_01285.jpg,1,Oil Spill
class_1_01541.jpg,Class_1/class_1_01541.jpg,1,Oil Spill
class_0_00840.jpg,Class_0/class_0_00840.jpg,0,No Oil Spill
class_0_01360.jpg,Class_0/class_0_01360.jpg,0,No Oil Spill
class_0_00159.jpg,Class_0/class_0_00159.jpg,0,No Oil Spill
class_0_00508.jpg,Class_0/class_0_00508.jpg,0,No Oil Spill
class_0_02461.jpg,Class_0/class_0_02461.jpg,0,No Oil Spill
class_0_02576.jpg,Class_0/class_0_02576.jpg,0,No Oil Spill
class_0_02484.jpg,Class_0/class_0_02484.jpg,0,No Oil Spill
class_0_02000.jpg,Class_0/class_0_02000.jpg,0,No Oil Spill
class_0_00088.jpg,Class_0/class_0_00088.jpg,0,No Oil Spill
class_1_01471.jpg,Class_1/class_1_01471.jpg,1,Oil Spill
class_0_03141.jpg,Class_0/class_0_03141.jpg,0,No Oil Spill
class_0_00332.jpg,Class_0/class_0_00332.jpg,0,No Oil Spill
class_1_00908.jpg,Class_1/class_1_00908.jpg,1,Oil Spill
class_1_01705.jpg,Class_1/class_1_01705.jpg,1,Oil Spill
class_1_00766.jpg,Class_1/class_1_00766.jpg,1,Oil Spill
class_1_01751.jpg,Class_1/class_1_01751.jpg,1,Oil Spill
class_0_01761.jpg,Class_0/class_0_01761.jpg,0,No Oil Spill
class_1_00835.jpg,Class_1/class_1_00835.jpg,1,Oil Spill
class_1_01323.jpg,Class_1/class_1_01323.jpg,1,Oil Spill
class_0_01194.jpg,Class_0/class_0_01194.jpg,0,No Oil Spill
class_0_03339.jpg,Class_0/class_0_03339.jpg,0,No Oil Spill
class_0_00618.jpg,Class_0/class_0_00618.jpg,0,No Oil Spill
class_1_01237.jpg,Class_1/class_1_01237.jpg,1,Oil Spill
class_1_00931.jpg,Class_1/class_1_00931.jpg,1,Oil Spill
class_0_00427.jpg,Class_0/class_0_00427.jpg,0,No Oil Spill
class_0_01651.jpg,Class_0/class_0_01651.jpg,0,No Oil Spill
class_1_00976.jpg,Class_1/class_1_00976.jpg,1,Oil Spill
class_0_00826.jpg,Class_0/class_0_00826.jpg,0,No Oil Spill
class_1_00510.jpg,Class_1/class_1_00510.jpg,1,Oil Spill
class_0_02389.jpg,Class_0/class_0_02389.jpg,0,No Oil Spill
class_0_00674.jpg,Class_0/class_0_00674.jpg,0,No Oil Spill
class_0_00992.jpg,Class_0/class_0_00992.jpg,0,No Oil Spill
class_0_00452.jpg,Class_0/class_0_00452.jpg,0,No Oil Spill
class_1_01005.jpg,Class_1/class_1_01005.jpg,1,Oil Spill
class_1_00025.jpg,Class_1/class_1_00025.jpg,1,Oil Spill
class_0_00645.jpg,Class_0/class_0_00645.jpg,0,No Oil Spill
class_1_01261.jpg,Class_1/class_1_01261.jpg,1,Oil Spill
class_1_00251.jpg,Class_1/class_1_00251.jpg,1,Oil Spill
class_0_01511.jpg,Class_0/class_0_01511.jpg,0,No Oil Spill
class_0_00182.jpg,Class_0/class_0_00182.jpg,0,No Oil Spill
class_1_01351.jpg,Class_1/class_1_01351.jpg,1,Oil Spill
class_1_00133.jpg,Class_1/class_1_00133.jpg,1,Oil Spill
class_0_01419.jpg,Class_0/class_0_01419.jpg,0,No Oil Spill
class_0_00235.jpg,Class_0/class_0_00235.jpg,0,No Oil Spill
class_0_03647.jpg,Class_0/class_0_03647.jpg,0,No Oil Spill
class_0_00311.jpg,Class_0/class_0_00311.jpg,0,No Oil Spill
class_0_01464.jpg,Class_0/class_0_01464.jpg,0,No Oil Spill
class_0_00673.jpg,Class_0/class_0_00673.jpg,0,No Oil Spill
class_0_00517.jpg,Class_0/class_0_00517.jpg,0,No Oil Spill
class_1_01316.jpg,Class_1/class_1_01316.jpg,1,Oil Spill
class_1_00257.jpg,Class_1/class_1_00257.jpg,1,Oil Spill
class_0_02697.jpg,Class_0/class_0_02697.jpg,0,No Oil Spill
class_0_02521.jpg,Class_0/class_0_02521.jpg,0,No Oil Spill
class_0_02346.jpg,Class_0/class_0_02346.jpg,0,No Oil Spill
class_1_00425.jpg,Class_1/class_1_00425.jpg,1,Oil Spill
class_1_00476.jpg,Class_1/class_1_00476.jpg,1,Oil Spill
class_0_01569.jpg,Class_0/class_0_01569.jpg,0,No Oil Spill
class_0_02496.jpg,Class_0/class_0_02496.jpg,0,No Oil Spill
class_0_01831.jpg,Class_0/class_0_01831.jpg,0,No Oil Spill
class_0_01568.jpg,Class_0/class_0_01568.jpg,0,No Oil Spill
class_0_02301.jpg,Class_0/class_0_02301.jpg,0,No Oil Spill
class_0_00739.jpg,Class_0/class_0_00739.jpg,0,No Oil Spill
class_1_00200.jpg,Class_1/class_1_00200.jpg,1,Oil Spill
class_0_01185.jpg,Class_0/class_0_01185.jpg,0,No Oil Spill
class_1_01055.jpg,Class_1/class_1_01055.jpg,1,Oil Spill
class_1_01564.jpg,Class_1/class_1_01564.jpg,1,Oil Spill
class_0_03533.jpg,Class_0/class_0_03533.jpg,0,No Oil Spill
class_0_02268.jpg,Class_0/class_0_02268.jpg,0,No Oil Spill
class_0_02526.jpg,Class_0/class_0_02526.jpg,0,No Oil Spill
class_0_02478.jpg,Class_0/class_0_02478.jpg,0,No Oil Spill
class_0_01253.jpg,Class_0/class_0_01253.jpg,0,No Oil Spill
class_0_03377.jpg,Class_0/class_0_03377.jpg,0,No Oil Spill
class_1_00046.jpg,Class_1/class_1_00046.jpg,1,Oil Spill
class_0_03369.jpg,Class_0/class_0_03369.jpg,0,No Oil Spill
class_0_03560.jpg,Class_0/class_0_03560.jpg,0,No Oil Spill
class_0_01267.jpg,Class_0/class_0_01267.jpg,0,No Oil Spill
class_1_00161.jpg,Class_1/class_1_00161.jpg,1,Oil Spill
class_1_00502.jpg,Class_1/class_1_00502.jpg,1,Oil Spill
class_1_00715.jpg,Class_1/class_1_00715.jpg,1,Oil Spill
class_1_01771.jpg,Class_1/class_1_01771.jpg,1,Oil Spill
class_0_01648.jpg,Class_0/class_0_01648.jpg,0,No Oil Spill
class_0_03199.jpg,Class_0/class_0_03199.jpg,0,No Oil Spill
class_1_00095.jpg,Class_1/class_1_00095.jpg,1,Oil Spill
class_1_01408.jpg,Class_1/class_1_01408.jpg,1,Oil Spill
class_0_00577.jpg,Class_0/class_0_00577.jpg,0,No Oil Spill
class_0_01420.jpg,Class_0/class_0_01420.jpg,0,No Oil Spill
class_1_00900.jpg,Class_1/class_1_00900.jpg,1,Oil Spill
class_1_01389.jpg,Class_1/class_1_01389.jpg,1,Oil Spill
class_0_01386.jpg,Class_0/class_0_01386.jpg,0,No Oil Spill
class_0_03400.jpg,Class_0/class_0_03400.jpg,0,No Oil Spill
class_1_00358.jpg,Class_1/class_1_00358.jpg,1,Oil Spill
class_0_01778.jpg,Class_0/class_0_01778.jpg,0,No Oil Spill
class_0_01313.jpg,Class_0/class_0_01313.jpg,0,No Oil Spill
class_0_01281.jpg,Class_0/class_0_01281.jpg,0,No Oil Spill
class_0_03616.jpg,Class_0/class_0_03616.jpg,0,No Oil Spill
class_0_02311.jpg,Class_0/class_0_02311.jpg,0,No Oil Spill
class_0_01270.jpg,Class_0/class_0_01270.jpg,0,No Oil Spill
class_0_03578.jpg,Class_0/class_0_03578.jpg,0,No Oil Spill
class_0_02180.jpg,Class_0/class_0_02180.jpg,0,No Oil Spill
class_0_00770.jpg,Class_0/class_0_00770.jpg,0,No Oil Spill
class_0_03676.jpg,Class_0/class_0_03676.jpg,0,No Oil Spill
class_0_03692.jpg,Class_0/class_0_03692.jpg,0,No Oil Spill
class_0_01327.jpg,Class_0/class_0_01327.jpg,0,No Oil Spill
class_0_03490.jpg,Class_0/class_0_03490.jpg,0,No Oil Spill
class_0_03311.jpg,Class_0/class_0_03311.jpg,0,No Oil Spill
class_0_02619.jpg,Class_0/class_0_02619.jpg,0,No Oil Spill
class_1_01145.jpg,Class_1/class_1_01145.jpg,1,Oil Spill
class_0_02010.jpg,Class_0/class_0_02010.jpg,0,No Oil Spill
class_0_01466.jpg,Class_0/class_0_01466.jpg,0,No Oil Spill
class_0_01769.jpg,Class_0/class_0_01769.jpg,0,No Oil Spill
class_0_01957.jpg,Class_0/class_0_01957.jpg,0,No Oil Spill
class_0_01182.jpg,Class_0/class_0_01182.jpg,0,No Oil Spill
class_0_01637.jpg,Class_0/class_0_01637.jpg,0,No Oil Spill
class_0_02832.jpg,Class_0/class_0_02832.jpg,0,No Oil Spill
class_1_01410.jpg,Class_1/class_1_01410.jpg,1,Oil Spill
class_0_00230.jpg,Class_0/class_0_00230.jpg,0,No Oil Spill
class_1_01292.jpg,Class_1/class_1_01292.jpg,1,Oil Spill
class_0_00151.jpg,Class_0/class_0_00151.jpg,0,No Oil Spill
class_0_03046.jpg,Class_0/class_0_03046.jpg,0,No Oil Spill
class_1_00916.jpg,Class_1/class_1_00916.jpg,1,Oil Spill
class_0_00639.jpg,Class_0/class_0_00639.jpg,0,No Oil Spill
class_0_01472.jpg,Class_0/class_0_01472.jpg,0,No Oil Spill
class_1_01139.jpg,Class_1/class_1_01139.jpg,1,Oil Spill
class_1_01220.jpg,Class_1/class_1_01220.jpg,1,Oil Spill
class_0_03474.jpg,Class_0/class_0_03474.jpg,0,No Oil Spill
class_1_01478.jpg,Class_1/class_1_01478.jpg,1,Oil Spill
class_1_01655.jpg,Class_1/class_1_01655.jpg,1,Oil Spill
class_1_01805.jpg,Class_1/class_1_01805.jpg,1,Oil Spill
class_1_00180.jpg,Class_1/class_1_00180.jpg,1,Oil Spill
class_0_01237.jpg,Class_0/class_0_01237.jpg,0,No Oil Spill
class_1_01802.jpg,Class_1/class_1_01802.jpg,1,Oil Spill
class_0_00710.jpg,Class_0/class_0_00710.jpg,0,No Oil Spill
class_1_01023.jpg,Class_1/class_1_01023.jpg,1,Oil Spill
class_1_00364.jpg,Class_1/class_1_00364.jpg,1,Oil Spill
class_0_00305.jpg,Class_0/class_0_00305.jpg,0,No Oil Spill
class_1_00303.jpg,Class_1/class_1_00303.jpg,1,Oil Spill
class_0_03255.jpg,Class_0/class_0_03255.jpg,0,No Oil Spill
class_0_01241.jpg,Class_0/class_0_01241.jpg,0,No Oil Spill
class_0_02122.jpg,Class_0/class_0_02122.jpg,0,No Oil Spill
class_0_00547.jpg,Class_0/class_0_00547.jpg,0,No Oil Spill
class_0_00375.jpg,Class_0/class_0_00375.jpg,0,No Oil Spill
class_0_03176.jpg,Class_0/class_0_03176.jpg,0,No Oil Spill
class_0_00721.jpg,Class_0/class_0_00721.jpg,0,No Oil Spill
class_1_01377.jpg,Class_1/class_1_01377.jpg,1,Oil Spill
class_0_00355.jpg,Class_0/class_0_00355.jpg,0,No Oil Spill
class_0_01960.jpg,Class_0/class_0_01960.jpg,0,No Oil Spill
class_1_00166.jpg,Class_1/class_1_00166.jpg,1,Oil Spill
class_1_01511.jpg,Class_1/class_1_01511.jpg,1,Oil Spill
class_0_03000.jpg,Class_0/class_0_03000.jpg,0,No Oil Spill
class_0_02646.jpg,Class_0/class_0_02646.jpg,0,No Oil Spill
class_0_03568.jpg,Class_0/class_0_03568.jpg,0,No Oil Spill
class_0_03067.jpg,Class_0/class_0_03067.jpg,0,No Oil Spill
class_1_00156.jpg,Class_1/class_1_00156.jpg,1,Oil Spill
class_0_02554.jpg,Class_0/class_0_02554.jpg,0,No Oil Spill
class_1_00602.jpg,Class_1/class_1_00602.jpg,1,Oil Spill
class_0_03478.jpg,Class_0/class_0_03478.jpg,0,No Oil Spill
class_1_00744.jpg,Class_1/class_1_00744.jpg,1,Oil Spill
class_0_01140.jpg,Class_0/class_0_01140.jpg,0,No Oil Spill
class_0_00027.jpg,Class_0/class_0_00027.jpg,0,No Oil Spill
class_1_00788.jpg,Class_1/class_1_00788.jpg,1,Oil Spill
class_0_00476.jpg,Class_0/class_0_00476.jpg,0,No Oil Spill
class_0_02183.jpg,Class_0/class_0_02183.jpg,0,No Oil Spill
class_1_01143.jpg,Class_1/class_1_01143.jpg,1,Oil Spill
class_0_01553.jpg,Class_0/class_0_01553.jpg,0,No Oil Spill
class_0_00221.jpg,Class_0/class_0_00221.jpg,0,No Oil Spill
class_1_00799.jpg,Class_1/class_1_00799.jpg,1,Oil Spill
class_0_03499.jpg,Class_0/class_0_03499.jpg,0,No Oil Spill
class_0_03591.jpg,Class_0/class_0_03591.jpg,0,No Oil Spill
class_0_01130.jpg,Class_0/class_0_01130.jpg,0,No Oil Spill
class_0_02551.jpg,Class_0/class_0_02551.jpg,0,No Oil Spill
class_0_01976.jpg,Class_0/class_0_01976.jpg,0,No Oil Spill
class_0_03317.jpg,Class_0/class_0_03317.jpg,0,No Oil Spill
class_1_01538.jpg,Class_1/class_1_01538.jpg,1,Oil Spill
class_0_01937.jpg,Class_0/class_0_01937.jpg,0,No Oil Spill
class_1_00120.jpg,Class_1/class_1_00120.jpg,1,Oil Spill
class_0_01756.jpg,Class_0/class_0_01756.jpg,0,No Oil Spill
class_1_00599.jpg,Class_1/class_1_00599.jpg,1,Oil Spill
class_0_02068.jpg,Class_0/class_0_02068.jpg,0,No Oil Spill
class_0_00638.jpg,Class_0/class_0_00638.jpg,0,No Oil Spill
class_0_00776.jpg,Class_0/class_0_00776.jpg,0,No Oil Spill
class_0_03493.jpg,Class_0/class_0_03493.jpg,0,No Oil Spill
class_0_00134.jpg,Class_0/class_0_00134.jpg,0,No Oil Spill
class_0_01754.jpg,Class_0/class_0_01754.jpg,0,No Oil Spill
class_0_00940.jpg,Class_0/class_0_00940.jpg,0,No Oil Spill
class_0_00513.jpg,Class_0/class_0_00513.jpg,0,No Oil Spill
class_1_00238.jpg,Class_1/class_1_00238.jpg,1,Oil Spill
class_0_00189.jpg,Class_0/class_0_00189.jpg,0,No Oil Spill
class_0_03246.jpg,Class_0/class_0_03246.jpg,0,No Oil Spill
class_1_01274.jpg,Class_1/class_1_01274.jpg,1,Oil Spill
class_1_00771.jpg,Class_1/class_1_00771.jpg,1,Oil Spill
class_0_01821.jpg,Class_0/class_0_01821.jpg,0,No Oil Spill
class_1_00244.jpg,Class_1/class_1_00244.jpg,1,Oil Spill
class_0_00683.jpg,Class_0/class_0_00683.jpg,0,No Oil Spill
class_0_03635.jpg,Class_0/class_0_03635.jpg,0,No Oil Spill
class_1_00984.jpg,Class_1/class_1_00984.jpg,1,Oil Spill
class_1_00173.jpg,Class_1/class_1_00173.jpg,1,Oil Spill
class_0_03305.jpg,Class_0/class_0_03305.jpg,0,No Oil Spill
class_1_00174.jpg,Class_1/class_1_00174.jpg,1,Oil Spill
class_1_01189.jpg,Class_1/class_1_01189.jpg,1,Oil Spill
class_1_01036.jpg,Class_1/class_1_01036.jpg,1,Oil Spill
class_0_00607.jpg,Class_0/class_0_00607.jpg,0,No Oil Spill
class_0_03075.jpg,Class_0/class_0_03075.jpg,0,No Oil Spill
class_1_00205.jpg,Class_1/class_1_00205.jpg,1,Oil Spill
class_0_02534.jpg,Class_0/class_0_02534.jpg,0,No Oil Spill
class_1_00747.jpg,Class_1/class_1_00747.jpg,1,Oil Spill
class_1_01020.jpg,Class_1/class_1_01020.jpg,1,Oil Spill
class_0_01019.jpg,Class_0/class_0_01019.jpg,0,No Oil Spill
class_0_00213.jpg,Class_0/class_0_00213.jpg,0,No Oil Spill
class_0_02124.jpg,Class_0/class_0_02124.jpg,0,No Oil Spill
class_0_02703.jpg,Class_0/class_0_02703.jpg,0,No Oil Spill
class_0_01963.jpg,Class_0/class_0_01963.jpg,0,No Oil Spill
class_0_02518.jpg,Class_0/class_0_02518.jpg,0,No Oil Spill
class_1_01086.jpg,Class_1/class_1_01086.jpg,1,Oil Spill
class_0_02535.jpg,Class_0/class_0_02535.jpg,0,No Oil Spill
class_1_00312.jpg,Class_1/class_1_00312.jpg,1,Oil Spill
class_0_02013.jpg,Class_0/class_0_02013.jpg,0,No Oil Spill
class_0_02021.jpg,Class_0/class_0_02021.jpg,0,No Oil Spill
class_1_00513.jpg,Class_1/class_1_00513.jpg,1,Oil Spill
class_1_01033.jpg,Class_1/class_1_01033.jpg,1,Oil Spill
class_0_00102.jpg,Class_0/class_0_00102.jpg,0,No Oil Spill
class_0_02499.jpg,Class_0/class_0_02499.jpg,0,No Oil Spill
class_0_00045.jpg,Class_0/class_0_00045.jpg,0,No Oil Spill
class_1_01438.jpg,Class_1/class_1_01438.jpg,1,Oil Spill
class_1_00640.jpg,Class_1/class_1_00640.jpg,1,Oil Spill
class_0_03429.jpg,Class_0/class_0_03429.jpg,0,No Oil Spill
class_0_01292.jpg,Class_0/class_0_01292.jpg,0,No Oil Spill
class_0_02768.jpg,Class_0/class_0_02768.jpg,0,No Oil Spill
class_0_00944.jpg,Class_0/class_0_00944.jpg,0,No Oil Spill
class_1_00072.jpg,Class_1/class_1_00072.jpg,1,Oil Spill
class_0_02596.jpg,Class_0/class_0_02596.jpg,0,No Oil Spill
class_1_00557.jpg,Class_1/class_1_00557.jpg,1,Oil Spill
class_0_02563.jpg,Class_0/class_0_02563.jpg,0,No Oil Spill
class_0_01173.jpg,Class_0/class_0_01173.jpg,0,No Oil Spill
class_0_02954.jpg,Class_0/class_0_02954.jpg,0,No Oil Spill
class_0_00836.jpg,Class_0/class_0_00836.jpg,0,No Oil Spill
class_0_00706.jpg,Class_0/class_0_00706.jpg,0,No Oil Spill
class_0_00435.jpg,Class_0/class_0_00435.jpg,0,No Oil Spill
class_1_00264.jpg,Class_1/class_1_00264.jpg,1,Oil Spill
class_0_01740.jpg,Class_0/class_0_01740.jpg,0,No Oil Spill
class_1_01308.jpg,Class_1/class_1_01308.jpg,1,Oil Spill
class_0_00511.jpg,Class_0/class_0_00511.jpg,0,No Oil Spill
class_0_02777.jpg,Class_0/class_0_02777.jpg,0,No Oil Spill
class_0_03320.jpg,Class_0/class_0_03320.jpg,0,No Oil Spill
class_0_03645.jpg,Class_0/class_0_03645.jpg,0,No Oil Spill
class_1_00392.jpg,Class_1/class_1_00392.jpg,1,Oil Spill
class_0_03463.jpg,Class_0/class_0_03463.jpg,0,No Oil Spill
class_0_00362.jpg,Class_0/class_0_00362.jpg,0,No Oil Spill
class_1_00247.jpg,Class_1/class_1_00247.jpg,1,Oil Spill
class_1_00480.jpg,Class_1/class_1_00480.jpg,1,Oil Spill
class_0_03304.jpg,Class_0/class_0_03304.jpg,0,No Oil Spill
class_0_01180.jpg,Class_0/class_0_01180.jpg,0,No Oil Spill
class_1_00334.jpg,Class_1/class_1_00334.jpg,1,Oil Spill
class_0_03025.jpg,Class_0/class_0_03025.jpg,0,No Oil Spill
class_0_00907.jpg,Class_0/class_0_00907.jpg,0,No Oil Spill
class_1_01047.jpg,Class_1/class_1_01047.jpg,1,Oil Spill
class_0_02126.jpg,Class_0/class_0_02126.jpg,0,No Oil Spill
class_1_00539.jpg,Class_1/class_1_00539.jpg,1,Oil Spill
class_1_00148.jpg,Class_1/class_1_00148.jpg,1,Oil Spill
class_1_01364.jpg,Class_1/class_1_01364.jpg,1,Oil Spill
class_1_01825.jpg,Class_1/class_1_01825.jpg,1,Oil Spill
class_1_00576.jpg,Class_1/class_1_00576.jpg,1,Oil Spill
class_0_00191.jpg,Class_0/class_0_00191.jpg,0,No Oil Spill
class_0_00096.jpg,Class_0/class_0_00096.jpg,0,No Oil Spill
class_0_02089.jpg,Class_0/class_0_02089.jpg,0,No Oil Spill
class_0_00348.jpg,Class_0/class_0_00348.jpg,0,No Oil Spill
class_1_00591.jpg,Class_1/class_1_00591.jpg,1,Oil Spill
class_0_00702.jpg,Class_0/class_0_00702.jpg,0,No Oil Spill
class_0_01011.jpg,Class_0/class_0_01011.jpg,0,No Oil Spill
class_1_00177.jpg,Class_1/class_1_00177.jpg,1,Oil Spill
class_0_02586.jpg,Class_0/class_0_02586.jpg,0,No Oil Spill
class_0_00801.jpg,Class_0/class_0_00801.jpg,0,No Oil Spill
class_0_02705.jpg,Class_0/class_0_02705.jpg,0,No Oil Spill
class_1_00722.jpg,Class_1/class_1_00722.jpg,1,Oil Spill
class_0_01603.jpg,Class_0/class_0_01603.jpg,0,No Oil Spill
class_0_01324.jpg,Class_0/class_0_01324.jpg,0,No Oil Spill
class_0_02487.jpg,Class_0/class_0_02487.jpg,0,No Oil Spill
class_0_01631.jpg,Class_0/class_0_01631.jpg,0,No Oil Spill
class_0_02673.jpg,Class_0/class_0_02673.jpg,0,No Oil Spill
class_1_01816.jpg,Class_1/class_1_01816.jpg,1,Oil Spill
class_0_01143.jpg,Class_0/class_0_01143.jpg,0,No Oil Spill
class_0_01008.jpg,Class_0/class_0_01008.jpg,0,No Oil Spill
class_1_01409.jpg,Class_1/class_1_01409.jpg,1,Oil Spill
class_0_01566.jpg,Class_0/class_0_01566.jpg,0,No Oil Spill
class_0_02479.jpg,Class_0/class_0_02479.jpg,0,No Oil Spill
class_1_01508.jpg,Class_1/class_1_01508.jpg,1,Oil Spill
class_0_02650.jpg,Class_0/class_0_02650.jpg,0,No Oil Spill
class_0_01661.jpg,Class_0/class_0_01661.jpg,0,No Oil Spill
class_1_01339.jpg,Class_1/class_1_01339.jpg,1,Oil Spill
class_1_01496.jpg,Class_1/class_1_01496.jpg,1,Oil Spill
class_0_00643.jpg,Class_0/class_0_00643.jpg,0,No Oil Spill
class_0_02140.jpg,Class_0/class_0_02140.jpg,0,No Oil Spill
class_1_00684.jpg,Class_1/class_1_00684.jpg,1,Oil Spill
class_0_03589.jpg,Class_0/class_0_03589.jpg,0,No Oil Spill
class_1_01804.jpg,Class_1/class_1_01804.jpg,1,Oil Spill
class_0_03144.jpg,Class_0/class_0_03144.jpg,0,No Oil Spill
class_0_00758.jpg,Class_0/class_0_00758.jpg,0,No Oil Spill
class_1_01322.jpg,Class_1/class_1_01322.jpg,1,Oil Spill
class_0_00871.jpg,Class_0/class_0_00871.jpg,0,No Oil Spill
class_0_02708.jpg,Class_0/class_0_02708.jpg,0,No Oil Spill
class_0_03642.jpg,Class_0/class_0_03642.jpg,0,No Oil Spill
class_0_01080.jpg,Class_0/class_0_01080.jpg,0,No Oil Spill
class_0_01646.jpg,Class_0/class_0_01646.jpg,0,No Oil Spill
class_0_00757.jpg,Class_0/class_0_00757.jpg,0,No Oil Spill
class_1_01808.jpg,Class_1/class_1_01808.jpg,1,Oil Spill
class_1_00503.jpg,Class_1/class_1_00503.jpg,1,Oil Spill
class_0_03252.jpg,Class_0/class_0_03252.jpg,0,No Oil Spill
class_1_01770.jpg,Class_1/class_1_01770.jpg,1,Oil Spill
class_0_02108.jpg,Class_0/class_0_02108.jpg,0,No Oil Spill
class_0_02736.jpg,Class_0/class_0_02736.jpg,0,No Oil Spill
class_0_01846.jpg,Class_0/class_0_01846.jpg,0,No Oil Spill
class_0_01599.jpg,Class_0/class_0_01599.jpg,0,No Oil Spill
class_0_03580.jpg,Class_0/class_0_03580.jpg,0,No Oil Spill
class_1_01386.jpg,Class_1/class_1_01386.jpg,1,Oil Spill
class_0_03183.jpg,Class_0/class_0_03183.jpg,0,No Oil Spill
class_0_00224.jpg,Class_0/class_0_00224.jpg,0,No Oil Spill
class_0_01609.jpg,Class_0/class_0_01609.jpg,0,No Oil Spill
class_0_01431.jpg,Class_0/class_0_01431.jpg,0,No Oil Spill
class_0_01703.jpg,Class_0/class_0_01703.jpg,0,No Oil Spill
class_1_00136.jpg,Class_1/class_1_00136.jpg,1,Oil Spill
class_0_03297.jpg,Class_0/class_0_03297.jpg,0,No Oil Spill
class_1_01282.jpg,Class_1/class_1_01282.jpg,1,Oil Spill
class_0_00138.jpg,Class_0/class_0_00138.jpg,0,No Oil Spill
class_0_00894.jpg,Class_0/class_0_00894.jpg,0,No Oil Spill
class_1_00689.jpg,Class_1/class_1_00689.jpg,1,Oil Spill
class_0_01496.jpg,Class_0/class_0_01496.jpg,0,No Oil Spill
class_0_03615.jpg,Class_0/class_0_03615.jpg,0,No Oil Spill
class_0_02540.jpg,Class_0/class_0_02540.jpg,0,No Oil Spill
class_0_03038.jpg,Class_0/class_0_03038.jpg,0,No Oil Spill
class_0_01886.jpg,Class_0/class_0_01886.jpg,0,No Oil Spill
class_0_03592.jpg,Class_0/class_0_03592.jpg,0,No Oil Spill
class_1_00083.jpg,Class_1/class_1_00083.jpg,1,Oil Spill
class_0_00443.jpg,Class_0/class_0_00443.jpg,0,No Oil Spill
class_0_00003.jpg,Class_0/class_0_00003.jpg,0,No Oil Spill
class_0_03303.jpg,Class_0/class_0_03303.jpg,0,No Oil Spill
class_0_03466.jpg,Class_0/class_0_03466.jpg,0,No Oil Spill
class_1_01039.jpg,Class_1/class_1_01039.jpg,1,Oil Spill
class_0_03330.jpg,Class_0/class_0_03330.jpg,0,No Oil Spill
class_1_00029.jpg,Class_1/class_1_00029.jpg,1,Oil Spill
class_1_01556.jpg,Class_1/class_1_01556.jpg,1,Oil Spill
class_0_01824.jpg,Class_0/class_0_01824.jpg,0,No Oil Spill
class_0_02127.jpg,Class_0/class_0_02127.jpg,0,No Oil Spill
class_0_01649.jpg,Class_0/class_0_01649.jpg,0,No Oil Spill
class_0_03342.jpg,Class_0/class_0_03342.jpg,0,No Oil Spill
class_1_00486.jpg,Class_1/class_1_00486.jpg,1,Oil Spill
class_0_00733.jpg,Class_0/class_0_00733.jpg,0,No Oil Spill
class_0_02381.jpg,Class_0/class_0_02381.jpg,0,No Oil Spill
class_1_00534.jpg,Class_1/class_1_00534.jpg,1,Oil Spill
class_0_02718.jpg,Class_0/class_0_02718.jpg,0,No Oil Spill
class_0_02350.jpg,Class_0/class_0_02350.jpg,0,No Oil Spill
class_1_01044.jpg,Class_1/class_1_01044.jpg,1,Oil Spill
class_1_01535.jpg,Class_1/class_1_01535.jpg,1,Oil Spill
class_1_01780.jpg,Class_1/class_1_01780.jpg,1,Oil Spill
class_1_01779.jpg,Class_1/class_1_01779.jpg,1,Oil Spill
class_0_03376.jpg,Class_0/class_0_03376.jpg,0,No Oil Spill
class_1_00291.jpg,Class_1/class_1_00291.jpg,1,Oil Spill
class_0_02413.jpg,Class_0/class_0_02413.jpg,0,No Oil Spill
class_0_02812.jpg,Class_0/class_0_02812.jpg,0,No Oil Spill
class_0_00129.jpg,Class_0/class_0_00129.jpg,0,No Oil Spill
class_0_00754.jpg,Class_0/class_0_00754.jpg,0,No Oil Spill
class_1_00131.jpg,Class_1/class_1_00131.jpg,1,Oil Spill
class_1_00297.jpg,Class_1/class_1_00297.jpg,1,Oil Spill
class_1_01449.jpg,Class_1/class_1_01449.jpg,1,Oil Spill
class_0_00143.jpg,Class_0/class_0_00143.jpg,0,No Oil Spill
class_1_01796.jpg,Class_1/class_1_01796.jpg,1,Oil Spill
class_1_00101.jpg,Class_1/class_1_00101.jpg,1,Oil Spill
class_1_01406.jpg,Class_1/class_1_01406.jpg,1,Oil Spill
class_1_00738.jpg,Class_1/class_1_00738.jpg,1,Oil Spill
class_1_01639.jpg,Class_1/class_1_01639.jpg,1,Oil Spill
class_0_02164.jpg,Class_0/class_0_02164.jpg,0,No Oil Spill
class_0_02903.jpg,Class_0/class_0_02903.jpg,0,No Oil Spill
class_0_03264.jpg,Class_0/class_0_03264.jpg,0,No Oil Spill
class_1_01243.jpg,Class_1/class_1_01243.jpg,1,Oil Spill
class_0_01587.jpg,Class_0/class_0_01587.jpg,0,No Oil Spill
class_0_00619.jpg,Class_0/class_0_00619.jpg,0,No Oil Spill
class_1_00647.jpg,Class_1/class_1_00647.jpg,1,Oil Spill
class_1_01142.jpg,Class_1/class_1_01142.jpg,1,Oil Spill
class_0_00736.jpg,Class_0/class_0_00736.jpg,0,No Oil Spill
class_1_01127.jpg,Class_1/class_1_01127.jpg,1,Oil Spill
class_0_00998.jpg,Class_0/class_0_00998.jpg,0,No Oil Spill
class_1_01022.jpg,Class_1/class_1_01022.jpg,1,Oil Spill
class_0_03684.jpg,Class_0/class_0_03684.jpg,0,No Oil Spill
class_0_00926.jpg,Class_0/class_0_00926.jpg,0,No Oil Spill
class_0_01807.jpg,Class_0/class_0_01807.jpg,0,No Oil Spill
class_1_01687.jpg,Class_1/class_1_01687.jpg,1,Oil Spill
class_0_02087.jpg,Class_0/class_0_02087.jpg,0,No Oil Spill
class_0_01559.jpg,Class_0/class_0_01559.jpg,0,No Oil Spill
class_0_02447.jpg,Class_0/class_0_02447.jpg,0,No Oil Spill
class_0_03079.jpg,Class_0/class_0_03079.jpg,0,No Oil Spill
class_0_00765.jpg,Class_0/class_0_00765.jpg,0,No Oil Spill
class_1_01611.jpg,Class_1/class_1_01611.jpg,1,Oil Spill
class_0_01205.jpg,Class_0/class_0_01205.jpg,0,No Oil Spill
class_0_02841.jpg,Class_0/class_0_02841.jpg,0,No Oil Spill
class_1_01572.jpg,Class_1/class_1_01572.jpg,1,Oil Spill
class_0_01541.jpg,Class_0/class_0_01541.jpg,0,No Oil Spill
class_0_00610.jpg,Class_0/class_0_00610.jpg,0,No Oil Spill
class_0_00032.jpg,Class_0/class_0_00032.jpg,0,No Oil Spill
class_1_00107.jpg,Class_1/class_1_00107.jpg,1,Oil Spill
class_0_03111.jpg,Class_0/class_0_03111.jpg,0,No Oil Spill
class_0_00742.jpg,Class_0/class_0_00742.jpg,0,No Oil Spill
class_0_02328.jpg,Class_0/class_0_02328.jpg,0,No Oil Spill
class_0_00030.jpg,Class_0/class_0_00030.jpg,0,No Oil Spill
class_0_02635.jpg,Class_0/class_0_02635.jpg,0,No Oil Spill
class_0_00057.jpg,Class_0/class_0_00057.jpg,0,No Oil Spill
class_1_00638.jpg,Class_1/class_1_00638.jpg,1,Oil Spill
class_1_00999.jpg,Class_1/class_1_00999.jpg,1,Oil Spill
class_1_01107.jpg,Class_1/class_1_01107.jpg,1,Oil Spill
class_0_02662.jpg,Class_0/class_0_02662.jpg,0,No Oil Spill
class_1_01777.jpg,Class_1/class_1_01777.jpg,1,Oil Spill
class_1_01813.jpg,Class_1/class_1_01813.jpg,1,Oil Spill
class_0_01684.jpg,Class_0/class_0_01684.jpg,0,No Oil Spill
class_0_01854.jpg,Class_0/class_0_01854.jpg,0,No Oil Spill
class_1_01634.jpg,Class_1/class_1_01634.jpg,1,Oil Spill
class_0_02331.jpg,Class_0/class_0_02331.jpg,0,No Oil Spill
class_0_02829.jpg,Class_0/class_0_02829.jpg,0,No Oil Spill
class_1_01570.jpg,Class_1/class_1_01570.jpg,1,Oil Spill
class_1_00796.jpg,Class_1/class_1_00796.jpg,1,Oil Spill
class_1_01278.jpg,Class_1/class_1_01278.jpg,1,Oil Spill
class_0_01353.jpg,Class_0/class_0_01353.jpg,0,No Oil Spill
class_0_02822.jpg,Class_0/class_0_02822.jpg,0,No Oil Spill
class_0_00178.jpg,Class_0/class_0_00178.jpg,0,No Oil Spill
class_0_00635.jpg,Class_0/class_0_00635.jpg,0,No Oil Spill
class_1_00399.jpg,Class_1/class_1_00399.jpg,1,Oil Spill
class_0_02855.jpg,Class_0/class_0_02855.jpg,0,No Oil Spill
class_1_01591.jpg,Class_1/class_1_01591.jpg,1,Oil Spill
class_0_03477.jpg,Class_0/class_0_03477.jpg,0,No Oil Spill
class_0_03479.jpg,Class_0/class_0_03479.jpg,0,No Oil Spill
class_0_02721.jpg,Class_0/class_0_02721.jpg,0,No Oil Spill
class_1_01097.jpg,Class_1/class_1_01097.jpg,1,Oil Spill
class_0_02724.jpg,Class_0/class_0_02724.jpg,0,No Oil Spill
class_0_03454.jpg,Class_0/class_0_03454.jpg,0,No Oil Spill
class_0_01842.jpg,Class_0/class_0_01842.jpg,0,No Oil Spill
class_0_03675.jpg,Class_0/class_0_03675.jpg,0,No Oil Spill
class_0_02420.jpg,Class_0/class_0_02420.jpg,0,No Oil Spill
class_1_00639.jpg,Class_1/class_1_00639.jpg,1,Oil Spill
class_0_02850.jpg,Class_0/class_0_02850.jpg,0,No Oil Spill
class_1_00437.jpg,Class_1/class_1_00437.jpg,1,Oil Spill
class_1_00657.jpg,Class_1/class_1_00657.jpg,1,Oil Spill
class_0_00331.jpg,Class_0/class_0_00331.jpg,0,No Oil Spill
class_1_00774.jpg,Class_1/class_1_00774.jpg,1,Oil Spill
class_0_02597.jpg,Class_0/class_0_02597.jpg,0,No Oil Spill
class_0_01723.jpg,Class_0/class_0_01723.jpg,0,No Oil Spill
class_0_00488.jpg,Class_0/class_0_00488.jpg,0,No Oil Spill
class_0_03359.jpg,Class_0/class_0_03359.jpg,0,No Oil Spill
class_0_00864.jpg,Class_0/class_0_00864.jpg,0,No Oil Spill
class_1_00538.jpg,Class_1/class_1_00538.jpg,1,Oil Spill
class_0_01245.jpg,Class_0/class_0_01245.jpg,0,No Oil Spill
class_0_02945.jpg,Class_0/class_0_02945.jpg,0,No Oil Spill
class_0_01269.jpg,Class_0/class_0_01269.jpg,0,No Oil Spill
class_1_01430.jpg,Class_1/class_1_01430.jpg,1,Oil Spill
class_1_00219.jpg,Class_1/class_1_00219.jpg,1,Oil Spill
class_0_02674.jpg,Class_0/class_0_02674.jpg,0,No Oil Spill
class_1_01313.jpg,Class_1/class_1_01313.jpg,1,Oil Spill
class_0_02509.jpg,Class_0/class_0_02509.jpg,0,No Oil Spill
class_0_00691.jpg,Class_0/class_0_00691.jpg,0,No Oil Spill
class_0_01499.jpg,Class_0/class_0_01499.jpg,0,No Oil Spill
class_0_02492.jpg,Class_0/class_0_02492.jpg,0,No Oil Spill
class_0_02612.jpg,Class_0/class_0_02612.jpg,0,No Oil Spill
class_0_03413.jpg,Class_0/class_0_03413.jpg,0,No Oil Spill
class_1_00970.jpg,Class_1/class_1_00970.jpg,1,Oil Spill
class_1_00995.jpg,Class_1/class_1_00995.jpg,1,Oil Spill
class_1_00348.jpg,Class_1/class_1_00348.jpg,1,Oil Spill
class_0_00641.jpg,Class_0/class_0_00641.jpg,0,No Oil Spill
class_0_00421.jpg,Class_0/class_0_00421.jpg,0,No Oil Spill
class_0_02891.jpg,Class_0/class_0_02891.jpg,0,No Oil Spill
class_1_01766.jpg,Class_1/class_1_01766.jpg,1,Oil Spill
class_0_01500.jpg,Class_0/class_0_01500.jpg,0,No Oil Spill
class_1_01653.jpg,Class_1/class_1_01653.jpg,1,Oil Spill
class_0_00681.jpg,Class_0/class_0_00681.jpg,0,No Oil Spill
class_0_00606.jpg,Class_0/class_0_00606.jpg,0,No Oil Spill
class_1_00532.jpg,Class_1/class_1_00532.jpg,1,Oil Spill
class_1_01060.jpg,Class_1/class_1_01060.jpg,1,Oil Spill
class_0_03471.jpg,Class_0/class_0_03471.jpg,0,No Oil Spill
class_0_00922.jpg,Class_0/class_0_00922.jpg,0,No Oil Spill
class_1_00135.jpg,Class_1/class_1_00135.jpg,1,Oil Spill
class_0_00472.jpg,Class_0/class_0_00472.jpg,0,No Oil Spill
class_1_00594.jpg,Class_1/class_1_00594.jpg,1,Oil Spill
class_0_02830.jpg,Class_0/class_0_02830.jpg,0,No Oil Spill
class_0_02807.jpg,Class_0/class_0_02807.jpg,0,No Oil Spill
class_0_03060.jpg,Class_0/class_0_03060.jpg,0,No Oil Spill
class_1_01584.jpg,Class_1/class_1_01584.jpg,1,Oil Spill
class_1_00652.jpg,Class_1/class_1_00652.jpg,1,Oil Spill
class_1_01303.jpg,Class_1/class_1_01303.jpg,1,Oil Spill
class_1_00408.jpg,Class_1/class_1_00408.jpg,1,Oil Spill
class_0_02449.jpg,Class_0/class_0_02449.jpg,0,No Oil Spill
class_1_01057.jpg,Class_1/class_1_01057.jpg,1,Oil Spill
class_0_01232.jpg,Class_0/class_0_01232.jpg,0,No Oil Spill
class_0_02190.jpg,Class_0/class_0_02190.jpg,0,No Oil Spill
class_0_03637.jpg,Class_0/class_0_03637.jpg,0,No Oil Spill
class_1_00034.jpg,Class_1/class_1_00034.jpg,1,Oil Spill
class_1_01460.jpg,Class_1/class_1_01460.jpg,1,Oil Spill
class_0_02175.jpg,Class_0/class_0_02175.jpg,0,No Oil Spill
class_0_03171.jpg,Class_0/class_0_03171.jpg,0,No Oil Spill
class_0_00554.jpg,Class_0/class_0_00554.jpg,0,No Oil Spill
class_0_00602.jpg,Class_0/class_0_00602.jpg,0,No Oil Spill
class_1_00217.jpg,Class_1/class_1_00217.jpg,1,Oil Spill
class_1_00353.jpg,Class_1/class_1_00353.jpg,1,Oil Spill
class_0_02873.jpg,Class_0/class_0_02873.jpg,0,No Oil Spill
class_1_00376.jpg,Class_1/class_1_00376.jpg,1,Oil Spill
class_0_00814.jpg,Class_0/class_0_00814.jpg,0,No Oil Spill
class_0_03397.jpg,Class_0/class_0_03397.jpg,0,No Oil Spill
class_1_01603.jpg,Class_1/class_1_01603.jpg,1,Oil Spill
class_0_01152.jpg,Class_0/class_0_01152.jpg,0,No Oil Spill
class_1_01513.jpg,Class_1/class_1_01513.jpg,1,Oil Spill
class_0_02125.jpg,Class_0/class_0_02125.jpg,0,No Oil Spill
class_0_00391.jpg,Class_0/class_0_00391.jpg,0,No Oil Spill
class_1_00108.jpg,Class_1/class_1_00108.jpg,1,Oil Spill
class_0_01395.jpg,Class_0/class_0_01395.jpg,0,No Oil Spill
class_0_00371.jpg,Class_0/class_0_00371.jpg,0,No Oil Spill
class_0_01635.jpg,Class_0/class_0_01635.jpg,0,No Oil Spill
class_0_02894.jpg,Class_0/class_0_02894.jpg,0,No Oil Spill
class_0_03249.jpg,Class_0/class_0_03249.jpg,0,No Oil Spill
class_0_03237.jpg,Class_0/class_0_03237.jpg,0,No Oil Spill
class_1_00063.jpg,Class_1/class_1_00063.jpg,1,Oil Spill
class_1_00943.jpg,Class_1/class_1_00943.jpg,1,Oil Spill
class_1_00296.jpg,Class_1/class_1_00296.jpg,1,Oil Spill
class_0_01347.jpg,Class_0/class_0_01347.jpg,0,No Oil Spill
class_1_00677.jpg,Class_1/class_1_00677.jpg,1,Oil Spill
class_0_00390.jpg,Class_0/class_0_00390.jpg,0,No Oil Spill
class_0_00875.jpg,Class_0/class_0_00875.jpg,0,No Oil Spill
class_0_00591.jpg,Class_0/class_0_00591.jpg,0,No Oil Spill
class_0_02033.jpg,Class_0/class_0_02033.jpg,0,No Oil Spill
class_0_02448.jpg,Class_0/class_0_02448.jpg,0,No Oil Spill
class_0_01512.jpg,Class_0/class_0_01512.jpg,0,No Oil Spill
class_1_01045.jpg,Class_1/class_1_01045.jpg,1,Oil Spill
class_0_00352.jpg,Class_0/class_0_00352.jpg,0,No Oil Spill
class_0_00373.jpg,Class_0/class_0_00373.jpg,0,No Oil Spill
class_0_01849.jpg,Class_0/class_0_01849.jpg,0,No Oil Spill
class_1_00535.jpg,Class_1/class_1_00535.jpg,1,Oil Spill
class_1_01793.jpg,Class_1/class_1_01793.jpg,1,Oil Spill
class_0_00244.jpg,Class_0/class_0_00244.jpg,0,No Oil Spill
class_0_03216.jpg,Class_0/class_0_03216.jpg,0,No Oil Spill
class_1_00280.jpg,Class_1/class_1_00280.jpg,1,Oil Spill
class_1_00374.jpg,Class_1/class_1_00374.jpg,1,Oil Spill
class_0_00930.jpg,Class_0/class_0_00930.jpg,0,No Oil Spill
class_0_01495.jpg,Class_0/class_0_01495.jpg,0,No Oil Spill
class_0_00026.jpg,Class_0/class_0_00026.jpg,0,No Oil Spill
class_1_01636.jpg,Class_1/class_1_01636.jpg,1,Oil Spill
class_1_00719.jpg,Class_1/class_1_00719.jpg,1,Oil Spill
class_0_01630.jpg,Class_0/class_0_01630.jpg,0,No Oil Spill
class_1_00438.jpg,Class_1/class_1_00438.jpg,1,Oil Spill
class_0_02278.jpg,Class_0/class_0_02278.jpg,0,No Oil Spill
class_0_01946.jpg,Class_0/class_0_01946.jpg,0,No Oil Spill
class_0_01460.jpg,Class_0/class_0_01460.jpg,0,No Oil Spill
class_1_00967.jpg,Class_1/class_1_00967.jpg,1,Oil Spill
class_0_03326.jpg,Class_0/class_0_03326.jpg,0,No Oil Spill
class_1_00586.jpg,Class_1/class_1_00586.jpg,1,Oil Spill
class_0_03416.jpg,Class_0/class_0_03416.jpg,0,No Oil Spill
class_0_00601.jpg,Class_0/class_0_00601.jpg,0,No Oil Spill
class_0_00469.jpg,Class_0/class_0_00469.jpg,0,No Oil Spill
class_0_01597.jpg,Class_0/class_0_01597.jpg,0,No Oil Spill
class_0_02344.jpg,Class_0/class_0_02344.jpg,0,No Oil Spill
class_1_00201.jpg,Class_1/class_1_00201.jpg,1,Oil Spill
class_1_00300.jpg,Class_1/class_1_00300.jpg,1,Oil Spill
class_1_01365.jpg,Class_1/class_1_01365.jpg,1,Oil Spill
class_0_01866.jpg,Class_0/class_0_01866.jpg,0,No Oil Spill
class_1_01482.jpg,Class_1/class_1_01482.jpg,1,Oil Spill
class_0_02525.jpg,Class_0/class_0_02525.jpg,0,No Oil Spill
class_0_01230.jpg,Class_0/class_0_01230.jpg,0,No Oil Spill
class_0_01213.jpg,Class_0/class_0_01213.jpg,0,No Oil Spill
class_0_03169.jpg,Class_0/class_0_03169.jpg,0,No Oil Spill
class_1_01306.jpg,Class_1/class_1_01306.jpg,1,Oil Spill
class_1_01658.jpg,Class_1/class_1_01658.jpg,1,Oil Spill
class_0_01426.jpg,Class_0/class_0_01426.jpg,0,No Oil Spill
class_0_02549.jpg,Class_0/class_0_02549.jpg,0,No Oil Spill
class_0_02512.jpg,Class_0/class_0_02512.jpg,0,No Oil Spill
class_0_03191.jpg,Class_0/class_0_03191.jpg,0,No Oil Spill
class_0_02243.jpg,Class_0/class_0_02243.jpg,0,No Oil Spill
class_1_01514.jpg,Class_1/class_1_01514.jpg,1,Oil Spill
class_0_01781.jpg,Class_0/class_0_01781.jpg,0,No Oil Spill
class_0_01222.jpg,Class_0/class_0_01222.jpg,0,No Oil Spill
class_0_03601.jpg,Class_0/class_0_03601.jpg,0,No Oil Spill
class_1_00366.jpg,Class_1/class_1_00366.jpg,1,Oil Spill
class_1_01498.jpg,Class_1/class_1_01498.jpg,1,Oil Spill
class_0_00489.jpg,Class_0/class_0_00489.jpg,0,No Oil Spill
class_0_00530.jpg,Class_0/class_0_00530.jpg,0,No Oil Spill
class_1_01031.jpg,Class_1/class_1_01031.jpg,1,Oil Spill
class_0_03618.jpg,Class_0/class_0_03618.jpg,0,No Oil Spill
class_0_00307.jpg,Class_0/class_0_00307.jpg,0,No Oil Spill
class_0_01933.jpg,Class_0/class_0_01933.jpg,0,No Oil Spill
class_0_00271.jpg,Class_0/class_0_00271.jpg,0,No Oil Spill
class_0_03250.jpg,Class_0/class_0_03250.jpg,0,No Oil Spill
class_1_01617.jpg,Class_1/class_1_01617.jpg,1,Oil Spill
class_1_01239.jpg,Class_1/class_1_01239.jpg,1,Oil Spill
class_0_01147.jpg,Class_0/class_0_01147.jpg,0,No Oil Spill
class_0_02764.jpg,Class_0/class_0_02764.jpg,0,No Oil Spill
class_1_01288.jpg,Class_1/class_1_01288.jpg,1,Oil Spill
class_0_00376.jpg,Class_0/class_0_00376.jpg,0,No Oil Spill
class_0_00453.jpg,Class_0/class_0_00453.jpg,0,No Oil Spill
class_1_00755.jpg,Class_1/class_1_00755.jpg,1,Oil Spill
class_0_01949.jpg,Class_0/class_0_01949.jpg,0,No Oil Spill
class_1_00609.jpg,Class_1/class_1_00609.jpg,1,Oil Spill
class_0_00825.jpg,Class_0/class_0_00825.jpg,0,No Oil Spill
class_1_00587.jpg,Class_1/class_1_00587.jpg,1,Oil Spill
class_1_01429.jpg,Class_1/class_1_01429.jpg,1,Oil Spill
class_0_03259.jpg,Class_0/class_0_03259.jpg,0,No Oil Spill
class_1_01489.jpg,Class_1/class_1_01489.jpg,1,Oil Spill
class_0_01079.jpg,Class_0/class_0_01079.jpg,0,No Oil Spill
class_0_03394.jpg,Class_0/class_0_03394.jpg,0,No Oil Spill
class_0_00596.jpg,Class_0/class_0_00596.jpg,0,No Oil Spill
class_1_00473.jpg,Class_1/class_1_00473.jpg,1,Oil Spill
class_1_01454.jpg,Class_1/class_1_01454.jpg,1,Oil Spill
class_1_00140.jpg,Class_1/class_1_00140.jpg,1,Oil Spill
class_1_01678.jpg,Class_1/class_1_01678.jpg,1,Oil Spill
class_1_00378.jpg,Class_1/class_1_00378.jpg,1,Oil Spill
class_0_00283.jpg,Class_0/class_0_00283.jpg,0,No Oil Spill
class_1_00039.jpg,Class_1/class_1_00039.jpg,1,Oil Spill
class_1_01424.jpg,Class_1/class_1_01424.jpg,1,Oil Spill
class_0_01817.jpg,Class_0/class_0_01817.jpg,0,No Oil Spill
class_1_01509.jpg,Class_1/class_1_01509.jpg,1,Oil Spill
class_0_02304.jpg,Class_0/class_0_02304.jpg,0,No Oil Spill
class_0_00890.jpg,Class_0/class_0_00890.jpg,0,No Oil Spill
class_0_02654.jpg,Class_0/class_0_02654.jpg,0,No Oil Spill
class_1_01169.jpg,Class_1/class_1_01169.jpg,1,Oil Spill
class_0_02239.jpg,Class_0/class_0_02239.jpg,0,No Oil Spill
class_0_02896.jpg,Class_0/class_0_02896.jpg,0,No Oil Spill
class_0_02883.jpg,Class_0/class_0_02883.jpg,0,No Oil Spill
class_0_02426.jpg,Class_0/class_0_02426.jpg,0,No Oil Spill
class_1_01333.jpg,Class_1/class_1_01333.jpg,1,Oil Spill
class_0_03239.jpg,Class_0/class_0_03239.jpg,0,No Oil Spill
class_0_02275.jpg,Class_0/class_0_02275.jpg,0,No Oil Spill
class_0_02485.jpg,Class_0/class_0_02485.jpg,0,No Oil Spill
class_0_00659.jpg,Class_0/class_0_00659.jpg,0,No Oil Spill
class_1_00834.jpg,Class_1/class_1_00834.jpg,1,Oil Spill
class_1_00683.jpg,Class_1/class_1_00683.jpg,1,Oil Spill
class_1_00270.jpg,Class_1/class_1_00270.jpg,1,Oil Spill
class_0_02291.jpg,Class_0/class_0_02291.jpg,0,No Oil Spill
class_0_01719.jpg,Class_0/class_0_01719.jpg,0,No Oil Spill
class_1_00145.jpg,Class_1/class_1_00145.jpg,1,Oil Spill
class_1_00762.jpg,Class_1/class_1_00762.jpg,1,Oil Spill
class_0_01573.jpg,Class_0/class_0_01573.jpg,0,No Oil Spill
class_0_03004.jpg,Class_0/class_0_03004.jpg,0,No Oil Spill
class_0_01532.jpg,Class_0/class_0_01532.jpg,0,No Oil Spill
class_1_01697.jpg,Class_1/class_1_01697.jpg,1,Oil Spill
class_0_01619.jpg,Class_0/class_0_01619.jpg,0,No Oil Spill
class_0_03584.jpg,Class_0/class_0_03584.jpg,0,No Oil Spill
class_0_01706.jpg,Class_0/class_0_01706.jpg,0,No Oil Spill
class_0_03257.jpg,Class_0/class_0_03257.jpg,0,No Oil Spill
class_0_03345.jpg,Class_0/class_0_03345.jpg,0,No Oil Spill
class_1_00232.jpg,Class_1/class_1_00232.jpg,1,Oil Spill
class_0_02990.jpg,Class_0/class_0_02990.jpg,0,No Oil Spill
class_0_01038.jpg,Class_0/class_0_01038.jpg,0,No Oil Spill
class_1_00992.jpg,Class_1/class_1_00992.jpg,1,Oil Spill
class_1_00252.jpg,Class_1/class_1_00252.jpg,1,Oil Spill
class_0_02800.jpg,Class_0/class_0_02800.jpg,0,No Oil Spill
class_1_00222.jpg,Class_1/class_1_00222.jpg,1,Oil Spill
class_1_00335.jpg,Class_1/class_1_00335.jpg,1,Oil Spill
class_0_00581.jpg,Class_0/class_0_00581.jpg,0,No Oil Spill
class_1_00857.jpg,Class_1/class_1_00857.jpg,1,Oil Spill
class_0_02729.jpg,Class_0/class_0_02729.jpg,0,No Oil Spill
class_1_01664.jpg,Class_1/class_1_01664.jpg,1,Oil Spill
class_0_03074.jpg,Class_0/class_0_03074.jpg,0,No Oil Spill
class_0_01730.jpg,Class_0/class_0_01730.jpg,0,No Oil Spill
class_0_00811.jpg,Class_0/class_0_00811.jpg,0,No Oil Spill
class_0_02508.jpg,Class_0/class_0_02508.jpg,0,No Oil Spill
class_1_00292.jpg,Class_1/class_1_00292.jpg,1,Oil Spill
class_0_03452.jpg,Class_0/class_0_03452.jpg,0,No Oil Spill
class_0_00131.jpg,Class_0/class_0_00131.jpg,0,No Oil Spill
class_1_01830.jpg,Class_1/class_1_01830.jpg,1,Oil Spill
class_0_00588.jpg,Class_0/class_0_00588.jpg,0,No Oil Spill
class_0_00168.jpg,Class_0/class_0_00168.jpg,0,No Oil Spill
class_1_01202.jpg,Class_1/class_1_01202.jpg,1,Oil Spill
class_0_01922.jpg,Class_0/class_0_01922.jpg,0,No Oil Spill
class_0_01066.jpg,Class_0/class_0_01066.jpg,0,No Oil Spill
class_1_01713.jpg,Class_1/class_1_01713.jpg,1,Oil Spill
class_1_01468.jpg,Class_1/class_1_01468.jpg,1,Oil Spill
class_1_00455.jpg,Class_1/class_1_00455.jpg,1,Oil Spill
class_0_02682.jpg,Class_0/class_0_02682.jpg,0,No Oil Spill
class_0_02437.jpg,Class_0/class_0_02437.jpg,0,No Oil Spill
class_1_01344.jpg,Class_1/class_1_01344.jpg,1,Oil Spill
class_0_01120.jpg,Class_0/class_0_01120.jpg,0,No Oil Spill
class_0_00831.jpg,Class_0/class_0_00831.jpg,0,No Oil Spill
class_0_02620.jpg,Class_0/class_0_02620.jpg,0,No Oil Spill
class_0_02757.jpg,Class_0/class_0_02757.jpg,0,No Oil Spill
class_1_01551.jpg,Class_1/class_1_01551.jpg,1,Oil Spill
class_0_03467.jpg,Class_0/class_0_03467.jpg,0,No Oil Spill
class_0_01051.jpg,Class_0/class_0_01051.jpg,0,No Oil Spill
class_0_02235.jpg,Class_0/class_0_02235.jpg,0,No Oil Spill
class_0_03165.jpg,Class_0/class_0_03165.jpg,0,No Oil Spill
class_0_01595.jpg,Class_0/class_0_01595.jpg,0,No Oil Spill
class_0_02012.jpg,Class_0/class_0_02012.jpg,0,No Oil Spill
class_0_03631.jpg,Class_0/class_0_03631.jpg,0,No Oil Spill
class_1_00418.jpg,Class_1/class_1_00418.jpg,1,Oil Spill
class_1_00316.jpg,Class_1/class_1_00316.jpg,1,Oil Spill
class_1_00204.jpg,Class_1/class_1_00204.jpg,1,Oil Spill
class_0_03668.jpg,Class_0/class_0_03668.jpg,0,No Oil Spill
class_1_01624.jpg,Class_1/class_1_01624.jpg,1,Oil Spill
class_1_00518.jpg,Class_1/class_1_00518.jpg,1,Oil Spill
class_0_00116.jpg,Class_0/class_0_00116.jpg,0,No Oil Spill
class_0_01547.jpg,Class_0/class_0_01547.jpg,0,No Oil Spill
class_0_02763.jpg,Class_0/class_0_02763.jpg,0,No Oil Spill
class_0_00264.jpg,Class_0/class_0_00264.jpg,0,No Oil Spill
class_1_01543.jpg,Class_1/class_1_01543.jpg,1,Oil Spill
class_1_00176.jpg,Class_1/class_1_00176.jpg,1,Oil Spill
class_0_03509.jpg,Class_0/class_0_03509.jpg,0,No Oil Spill
class_1_01533.jpg,Class_1/class_1_01533.jpg,1,Oil Spill
class_0_00287.jpg,Class_0/class_0_00287.jpg,0,No Oil Spill
class_0_02096.jpg,Class_0/class_0_02096.jpg,0,No Oil Spill
class_1_00021.jpg,Class_1/class_1_00021.jpg,1,Oil Spill
class_1_00921.jpg,Class_1/class_1_00921.jpg,1,Oil Spill
class_0_02887.jpg,Class_0/class_0_02887.jpg,0,No Oil Spill
class_1_01826.jpg,Class_1/class_1_01826.jpg,1,Oil Spill
class_0_03282.jpg,Class_0/class_0_03282.jpg,0,No Oil Spill
class_0_01121.jpg,Class_0/class_0_01121.jpg,0,No Oil Spill
class_0_01880.jpg,Class_0/class_0_01880.jpg,0,No Oil Spill
class_0_02349.jpg,Class_0/class_0_02349.jpg,0,No Oil Spill
class_1_01487.jpg,Class_1/class_1_01487.jpg,1,Oil Spill
class_1_00056.jpg,Class_1/class_1_00056.jpg,1,Oil Spill
class_1_00646.jpg,Class_1/class_1_00646.jpg,1,Oil Spill
class_0_00543.jpg,Class_0/class_0_00543.jpg,0,No Oil Spill
class_1_01094.jpg,Class_1/class_1_01094.jpg,1,Oil Spill
class_1_01273.jpg,Class_1/class_1_01273.jpg,1,Oil Spill
class_1_00332.jpg,Class_1/class_1_00332.jpg,1,Oil Spill
class_0_01396.jpg,Class_0/class_0_01396.jpg,0,No Oil Spill
class_0_02121.jpg,Class_0/class_0_02121.jpg,0,No Oil Spill
class_0_01421.jpg,Class_0/class_0_01421.jpg,0,No Oil Spill
class_0_01302.jpg,Class_0/class_0_01302.jpg,0,No Oil Spill
class_1_01140.jpg,Class_1/class_1_01140.jpg,1,Oil Spill
class_0_02585.jpg,Class_0/class_0_02585.jpg,0,No Oil Spill
class_0_00797.jpg,Class_0/class_0_00797.jpg,0,No Oil Spill
class_0_00848.jpg,Class_0/class_0_00848.jpg,0,No Oil Spill
class_0_01368.jpg,Class_0/class_0_01368.jpg,0,No Oil Spill
class_0_00315.jpg,Class_0/class_0_00315.jpg,0,No Oil Spill
class_1_01030.jpg,Class_1/class_1_01030.jpg,1,Oil Spill
class_0_01429.jpg,Class_0/class_0_01429.jpg,0,No Oil Spill
class_1_01050.jpg,Class_1/class_1_01050.jpg,1,Oil Spill
class_1_01359.jpg,Class_1/class_1_01359.jpg,1,Oil Spill
class_1_00463.jpg,Class_1/class_1_00463.jpg,1,Oil Spill
class_0_02263.jpg,Class_0/class_0_02263.jpg,0,No Oil Spill
class_1_00896.jpg,Class_1/class_1_00896.jpg,1,Oil Spill
class_0_00843.jpg,Class_0/class_0_00843.jpg,0,No Oil Spill
class_0_02469.jpg,Class_0/class_0_02469.jpg,0,No Oil Spill
class_0_00499.jpg,Class_0/class_0_00499.jpg,0,No Oil Spill
class_0_01698.jpg,Class_0/class_0_01698.jpg,0,No Oil Spill
class_0_00046.jpg,Class_0/class_0_00046.jpg,0,No Oil Spill
class_0_03054.jpg,Class_0/class_0_03054.jpg,0,No Oil Spill
class_1_00603.jpg,Class_1/class_1_00603.jpg,1,Oil Spill
class_1_00633.jpg,Class_1/class_1_00633.jpg,1,Oil Spill
class_1_00321.jpg,Class_1/class_1_00321.jpg,1,Oil Spill
class_1_00813.jpg,Class_1/class_1_00813.jpg,1,Oil Spill
class_0_02605.jpg,Class_0/class_0_02605.jpg,0,No Oil Spill
class_0_03346.jpg,Class_0/class_0_03346.jpg,0,No Oil Spill
class_0_03678.jpg,Class_0/class_0_03678.jpg,0,No Oil Spill
class_1_01411.jpg,Class_1/class_1_01411.jpg,1,Oil Spill
class_1_01490.jpg,Class_1/class_1_01490.jpg,1,Oil Spill
class_1_01224.jpg,Class_1/class_1_01224.jpg,1,Oil Spill
class_0_01361.jpg,Class_0/class_0_01361.jpg,0,No Oil Spill
class_0_01625.jpg,Class_0/class_0_01625.jpg,0,No Oil Spill
class_1_01236.jpg,Class_1/class_1_01236.jpg,1,Oil Spill
class_1_00845.jpg,Class_1/class_1_00845.jpg,1,Oil Spill
class_0_03152.jpg,Class_0/class_0_03152.jpg,0,No Oil Spill
class_0_00914.jpg,Class_0/class_0_00914.jpg,0,No Oil Spill
class_1_00894.jpg,Class_1/class_1_00894.jpg,1,Oil Spill
class_1_00742.jpg,Class_1/class_1_00742.jpg,1,Oil Spill
class_0_02203.jpg,Class_0/class_0_02203.jpg,0,No Oil Spill
class_0_01470.jpg,Class_0/class_0_01470.jpg,0,No Oil Spill
class_1_01012.jpg,Class_1/class_1_01012.jpg,1,Oil Spill
class_0_02173.jpg,Class_0/class_0_02173.jpg,0,No Oil Spill
class_1_00147.jpg,Class_1/class_1_00147.jpg,1,Oil Spill
class_0_02895.jpg,Class_0/class_0_02895.jpg,0,No Oil Spill
class_1_00636.jpg,Class_1/class_1_00636.jpg,1,Oil Spill
class_1_01417.jpg,Class_1/class_1_01417.jpg,1,Oil Spill
class_0_02267.jpg,Class_0/class_0_02267.jpg,0,No Oil Spill
class_1_01388.jpg,Class_1/class_1_01388.jpg,1,Oil Spill
class_1_00214.jpg,Class_1/class_1_00214.jpg,1,Oil Spill
class_0_03124.jpg,Class_0/class_0_03124.jpg,0,No Oil Spill
class_0_00223.jpg,Class_0/class_0_00223.jpg,0,No Oil Spill
class_0_01838.jpg,Class_0/class_0_01838.jpg,0,No Oil Spill
class_1_01366.jpg,Class_1/class_1_01366.jpg,1,Oil Spill
class_1_00388.jpg,Class_1/class_1_00388.jpg,1,Oil Spill
class_1_00627.jpg,Class_1/class_1_00627.jpg,1,Oil Spill
class_0_00316.jpg,Class_0/class_0_00316.jpg,0,No Oil Spill
class_0_02931.jpg,Class_0/class_0_02931.jpg,0,No Oil Spill
class_0_03294.jpg,Class_0/class_0_03294.jpg,0,No Oil Spill
class_1_01540.jpg,Class_1/class_1_01540.jpg,1,Oil Spill
class_1_01277.jpg,Class_1/class_1_01277.jpg,1,Oil Spill
class_0_03072.jpg,Class_0/class_0_03072.jpg,0,No Oil Spill
class_0_03204.jpg,Class_0/class_0_03204.jpg,0,No Oil Spill
class_0_02470.jpg,Class_0/class_0_02470.jpg,0,No Oil Spill
class_0_00241.jpg,Class_0/class_0_00241.jpg,0,No Oil Spill
class_0_00144.jpg,Class_0/class_0_00144.jpg,0,No Oil Spill
class_0_02641.jpg,Class_0/class_0_02641.jpg,0,No Oil Spill
class_1_00051.jpg,Class_1/class_1_00051.jpg,1,Oil Spill
class_1_00115.jpg,Class_1/class_1_00115.jpg,1,Oil Spill
class_1_00544.jpg,Class_1/class_1_00544.jpg,1,Oil Spill
class_0_03366.jpg,Class_0/class_0_03366.jpg,0,No Oil Spill
class_0_02628.jpg,Class_0/class_0_02628.jpg,0,No Oil Spill
class_0_00188.jpg,Class_0/class_0_00188.jpg,0,No Oil Spill
class_0_03225.jpg,Class_0/class_0_03225.jpg,0,No Oil Spill
class_0_02821.jpg,Class_0/class_0_02821.jpg,0,No Oil Spill
class_0_00896.jpg,Class_0/class_0_00896.jpg,0,No Oil Spill
class_0_00016.jpg,Class_0/class_0_00016.jpg,0,No Oil Spill
class_1_00458.jpg,Class_1/class_1_00458.jpg,1,Oil Spill
class_0_02629.jpg,Class_0/class_0_02629.jpg,0,No Oil Spill
class_1_00656.jpg,Class_1/class_1_00656.jpg,1,Oil Spill
class_0_02348.jpg,Class_0/class_0_02348.jpg,0,No Oil Spill
class_1_00935.jpg,Class_1/class_1_00935.jpg,1,Oil Spill
class_0_02017.jpg,Class_0/class_0_02017.jpg,0,No Oil Spill
class_1_00014.jpg,Class_1/class_1_00014.jpg,1,Oil Spill
class_1_00223.jpg,Class_1/class_1_00223.jpg,1,Oil Spill
class_0_01787.jpg,Class_0/class_0_01787.jpg,0,No Oil Spill
class_1_01488.jpg,Class_1/class_1_01488.jpg,1,Oil Spill
class_0_03041.jpg,Class_0/class_0_03041.jpg,0,No Oil Spill
class_0_02967.jpg,Class_0/class_0_02967.jpg,0,No Oil Spill
class_0_02671.jpg,Class_0/class_0_02671.jpg,0,No Oil Spill
class_1_00814.jpg,Class_1/class_1_00814.jpg,1,Oil Spill
class_0_03653.jpg,Class_0/class_0_03653.jpg,0,No Oil Spill
class_1_00885.jpg,Class_1/class_1_00885.jpg,1,Oil Spill
class_0_00073.jpg,Class_0/class_0_00073.jpg,0,No Oil Spill
class_0_00414.jpg,Class_0/class_0_00414.jpg,0,No Oil Spill
class_0_02752.jpg,Class_0/class_0_02752.jpg,0,No Oil Spill
class_0_03206.jpg,Class_0/class_0_03206.jpg,0,No Oil Spill
class_1_01439.jpg,Class_1/class_1_01439.jpg,1,Oil Spill
class_1_00746.jpg,Class_1/class_1_00746.jpg,1,Oil Spill
class_1_00273.jpg,Class_1/class_1_00273.jpg,1,Oil Spill
class_1_00064.jpg,Class_1/class_1_00064.jpg,1,Oil Spill
class_0_02290.jpg,Class_0/class_0_02290.jpg,0,No Oil Spill
class_0_01907.jpg,Class_0/class_0_01907.jpg,0,No Oil Spill
class_0_03109.jpg,Class_0/class_0_03109.jpg,0,No Oil Spill
class_0_00029.jpg,Class_0/class_0_00029.jpg,0,No Oil Spill
class_0_00915.jpg,Class_0/class_0_00915.jpg,0,No Oil Spill
class_0_02536.jpg,Class_0/class_0_02536.jpg,0,No Oil Spill
class_0_03435.jpg,Class_0/class_0_03435.jpg,0,No Oil Spill
class_0_01052.jpg,Class_0/class_0_01052.jpg,0,No Oil Spill
class_0_00293.jpg,Class_0/class_0_00293.jpg,0,No Oil Spill
class_0_03516.jpg,Class_0/class_0_03516.jpg,0,No Oil Spill
class_0_01326.jpg,Class_0/class_0_01326.jpg,0,No Oil Spill
class_0_00564.jpg,Class_0/class_0_00564.jpg,0,No Oil Spill
class_0_02282.jpg,Class_0/class_0_02282.jpg,0,No Oil Spill
class_0_02423.jpg,Class_0/class_0_02423.jpg,0,No Oil Spill
class_1_01015.jpg,Class_1/class_1_01015.jpg,1,Oil Spill
class_1_01463.jpg,Class_1/class_1_01463.jpg,1,Oil Spill
class_0_00695.jpg,Class_0/class_0_00695.jpg,0,No Oil Spill
class_1_00778.jpg,Class_1/class_1_00778.jpg,1,Oil Spill
class_1_01600.jpg,Class_1/class_1_01600.jpg,1,Oil Spill
class_0_01715.jpg,Class_0/class_0_01715.jpg,0,No Oil Spill
class_0_02504.jpg,Class_0/class_0_02504.jpg,0,No Oil Spill
class_0_00059.jpg,Class_0/class_0_00059.jpg,0,No Oil Spill
class_0_00222.jpg,Class_0/class_0_00222.jpg,0,No Oil Spill
class_0_01456.jpg,Class_0/class_0_01456.jpg,0,No Oil Spill
class_1_00098.jpg,Class_1/class_1_00098.jpg,1,Oil Spill
class_0_00799.jpg,Class_0/class_0_00799.jpg,0,No Oil Spill
class_0_01873.jpg,Class_0/class_0_01873.jpg,0,No Oil Spill
class_0_01398.jpg,Class_0/class_0_01398.jpg,0,No Oil Spill
class_0_03552.jpg,Class_0/class_0_03552.jpg,0,No Oil Spill
class_0_02953.jpg,Class_0/class_0_02953.jpg,0,No Oil Spill
class_1_01694.jpg,Class_1/class_1_01694.jpg,1,Oil Spill
class_0_01471.jpg,Class_0/class_0_01471.jpg,0,No Oil Spill
class_1_00168.jpg,Class_1/class_1_00168.jpg,1,Oil Spill
class_0_02617.jpg,Class_0/class_0_02617.jpg,0,No Oil Spill
class_0_02241.jpg,Class_0/class_0_02241.jpg,0,No Oil Spill
class_1_00308.jpg,Class_1/class_1_00308.jpg,1,Oil Spill
class_0_01997.jpg,Class_0/class_0_01997.jpg,0,No Oil Spill
class_0_03057.jpg,Class_0/class_0_03057.jpg,0,No Oil Spill
class_1_00485.jpg,Class_1/class_1_00485.jpg,1,Oil Spill
class_1_01786.jpg,Class_1/class_1_01786.jpg,1,Oil Spill
class_0_03378.jpg,Class_0/class_0_03378.jpg,0,No Oil Spill
class_1_00950.jpg,Class_1/class_1_00950.jpg,1,Oil Spill
class_0_03026.jpg,Class_0/class_0_03026.jpg,0,No Oil Spill
class_0_02176.jpg,Class_0/class_0_02176.jpg,0,No Oil Spill
class_0_02515.jpg,Class_0/class_0_02515.jpg,0,No Oil Spill
class_0_00626.jpg,Class_0/class_0_00626.jpg,0,No Oil Spill
class_1_01398.jpg,Class_1/class_1_01398.jpg,1,Oil Spill
class_1_01321.jpg,Class_1/class_1_01321.jpg,1,Oil Spill
class_0_01486.jpg,Class_0/class_0_01486.jpg,0,No Oil Spill
class_0_00735.jpg,Class_0/class_0_00735.jpg,0,No Oil Spill
class_1_01352.jpg,Class_1/class_1_01352.jpg,1,Oil Spill
class_0_00884.jpg,Class_0/class_0_00884.jpg,0,No Oil Spill
class_0_00243.jpg,Class_0/class_0_00243.jpg,0,No Oil Spill
class_0_03335.jpg,Class_0/class_0_03335.jpg,0,No Oil Spill
class_0_03310.jpg,Class_0/class_0_03310.jpg,0,No Oil Spill
class_0_01829.jpg,Class_0/class_0_01829.jpg,0,No Oil Spill
class_0_00281.jpg,Class_0/class_0_00281.jpg,0,No Oil Spill
class_0_00174.jpg,Class_0/class_0_00174.jpg,0,No Oil Spill
class_0_01753.jpg,Class_0/class_0_01753.jpg,0,No Oil Spill
class_1_00860.jpg,Class_1/class_1_00860.jpg,1,Oil Spill
class_0_03228.jpg,Class_0/class_0_03228.jpg,0,No Oil Spill
class_1_00482.jpg,Class_1/class_1_00482.jpg,1,Oil Spill
class_0_03281.jpg,Class_0/class_0_03281.jpg,0,No Oil Spill
class_1_01679.jpg,Class_1/class_1_01679.jpg,1,Oil Spill
class_0_03356.jpg,Class_0/class_0_03356.jpg,0,No Oil Spill
class_0_02751.jpg,Class_0/class_0_02751.jpg,0,No Oil Spill
class_1_01335.jpg,Class_1/class_1_01335.jpg,1,Oil Spill
class_1_01589.jpg,Class_1/class_1_01589.jpg,1,Oil Spill
class_1_01300.jpg,Class_1/class_1_01300.jpg,1,Oil Spill
class_0_00728.jpg,Class_0/class_0_00728.jpg,0,No Oil Spill
class_0_02963.jpg,Class_0/class_0_02963.jpg,0,No Oil Spill
class_0_03286.jpg,Class_0/class_0_03286.jpg,0,No Oil Spill
class_0_00304.jpg,Class_0/class_0_00304.jpg,0,No Oil Spill
class_0_00997.jpg,Class_0/class_0_00997.jpg,0,No Oil Spill
class_0_02078.jpg,Class_0/class_0_02078.jpg,0,No Oil Spill
class_1_01432.jpg,Class_1/class_1_01432.jpg,1,Oil Spill
class_0_03536.jpg,Class_0/class_0_03536.jpg,0,No Oil Spill
class_0_00074.jpg,Class_0/class_0_00074.jpg,0,No Oil Spill
class_0_01563.jpg,Class_0/class_0_01563.jpg,0,No Oil Spill
class_0_02683.jpg,Class_0/class_0_02683.jpg,0,No Oil Spill
class_1_00123.jpg,Class_1/class_1_00123.jpg,1,Oil Spill
class_0_00291.jpg,Class_0/class_0_00291.jpg,0,No Oil Spill
class_0_00786.jpg,Class_0/class_0_00786.jpg,0,No Oil Spill
class_0_00990.jpg,Class_0/class_0_00990.jpg,0,No Oil Spill
class_1_00371.jpg,Class_1/class_1_00371.jpg,1,Oil Spill
class_1_00750.jpg,Class_1/class_1_00750.jpg,1,Oil Spill
class_1_01742.jpg,Class_1/class_1_01742.jpg,1,Oil Spill
class_0_01042.jpg,Class_0/class_0_01042.jpg,0,No Oil Spill
class_0_01578.jpg,Class_0/class_0_01578.jpg,0,No Oil Spill
class_0_01342.jpg,Class_0/class_0_01342.jpg,0,No Oil Spill
class_0_03210.jpg,Class_0/class_0_03210.jpg,0,No Oil Spill
class_0_00333.jpg,Class_0/class_0_00333.jpg,0,No Oil Spill
class_0_02828.jpg,Class_0/class_0_02828.jpg,0,No Oil Spill
class_0_01481.jpg,Class_0/class_0_01481.jpg,0,No Oil Spill
class_0_01463.jpg,Class_0/class_0_01463.jpg,0,No Oil Spill
class_0_02941.jpg,Class_0/class_0_02941.jpg,0,No Oil Spill
class_1_00179.jpg,Class_1/class_1_00179.jpg,1,Oil Spill
class_0_01856.jpg,Class_0/class_0_01856.jpg,0,No Oil Spill
class_1_00340.jpg,Class_1/class_1_00340.jpg,1,Oil Spill
class_0_03604.jpg,Class_0/class_0_03604.jpg,0,No Oil Spill
class_0_01108.jpg,Class_0/class_0_01108.jpg,0,No Oil Spill
class_0_02366.jpg,Class_0/class_0_02366.jpg,0,No Oil Spill
class_0_00873.jpg,Class_0/class_0_00873.jpg,0,No Oil Spill
class_0_03388.jpg,Class_0/class_0_03388.jpg,0,No Oil Spill
class_1_01098.jpg,Class_1/class_1_01098.jpg,1,Oil Spill
class_0_03436.jpg,Class_0/class_0_03436.jpg,0,No Oil Spill
class_0_03241.jpg,Class_0/class_0_03241.jpg,0,No Oil Spill
class_0_01345.jpg,Class_0/class_0_01345.jpg,0,No Oil Spill
class_0_00850.jpg,Class_0/class_0_00850.jpg,0,No Oil Spill
class_0_02679.jpg,Class_0/class_0_02679.jpg,0,No Oil Spill
class_0_00455.jpg,Class_0/class_0_00455.jpg,0,No Oil Spill
class_0_01097.jpg,Class_0/class_0_01097.jpg,0,No Oil Spill
class_0_02658.jpg,Class_0/class_0_02658.jpg,0,No Oil Spill
class_1_01614.jpg,Class_1/class_1_01614.jpg,1,Oil Spill
class_0_03306.jpg,Class_0/class_0_03306.jpg,0,No Oil Spill
class_0_01197.jpg,Class_0/class_0_01197.jpg,0,No Oil Spill
class_1_01750.jpg,Class_1/class_1_01750.jpg,1,Oil Spill
class_0_00845.jpg,Class_0/class_0_00845.jpg,0,No Oil Spill
class_1_00106.jpg,Class_1/class_1_00106.jpg,1,Oil Spill
class_0_01242.jpg,Class_0/class_0_01242.jpg,0,No Oil Spill
class_0_01392.jpg,Class_0/class_0_01392.jpg,0,No Oil Spill
class_0_01555.jpg,Class_0/class_0_01555.jpg,0,No Oil Spill
class_1_01703.jpg,Class_1/class_1_01703.jpg,1,Oil Spill
class_1_00691.jpg,Class_1/class_1_00691.jpg,1,Oil Spill
class_0_01461.jpg,Class_0/class_0_01461.jpg,0,No Oil Spill
class_0_00731.jpg,Class_0/class_0_00731.jpg,0,No Oil Spill
class_0_02519.jpg,Class_0/class_0_02519.jpg,0,No Oil Spill
class_0_03278.jpg,Class_0/class_0_03278.jpg,0,No Oil Spill
class_0_01798.jpg,Class_0/class_0_01798.jpg,0,No Oil Spill
class_0_03220.jpg,Class_0/class_0_03220.jpg,0,No Oil Spill
class_0_00493.jpg,Class_0/class_0_00493.jpg,0,No Oil Spill
class_1_00624.jpg,Class_1/class_1_00624.jpg,1,Oil Spill
class_1_00338.jpg,Class_1/class_1_00338.jpg,1,Oil Spill
class_1_01270.jpg,Class_1/class_1_01270.jpg,1,Oil Spill
class_0_01350.jpg,Class_0/class_0_01350.jpg,0,No Oil Spill
class_0_02431.jpg,Class_0/class_0_02431.jpg,0,No Oil Spill
class_0_00858.jpg,Class_0/class_0_00858.jpg,0,No Oil Spill
class_0_03066.jpg,Class_0/class_0_03066.jpg,0,No Oil Spill
class_0_03399.jpg,Class_0/class_0_03399.jpg,0,No Oil Spill
class_1_01575.jpg,Class_1/class_1_01575.jpg,1,Oil Spill
class_1_01736.jpg,Class_1/class_1_01736.jpg,1,Oil Spill
class_1_00528.jpg,Class_1/class_1_00528.jpg,1,Oil Spill
class_0_00127.jpg,Class_0/class_0_00127.jpg,0,No Oil Spill
class_0_02168.jpg,Class_0/class_0_02168.jpg,0,No Oil Spill
class_1_00499.jpg,Class_1/class_1_00499.jpg,1,Oil Spill
class_0_02932.jpg,Class_0/class_0_02932.jpg,0,No Oil Spill
class_1_01669.jpg,Class_1/class_1_01669.jpg,1,Oil Spill
class_1_00773.jpg,Class_1/class_1_00773.jpg,1,Oil Spill
class_1_00622.jpg,Class_1/class_1_00622.jpg,1,Oil Spill
class_1_01481.jpg,Class_1/class_1_01481.jpg,1,Oil Spill
class_0_02388.jpg,Class_0/class_0_02388.jpg,0,No Oil Spill
class_1_01501.jpg,Class_1/class_1_01501.jpg,1,Oil Spill
class_0_02645.jpg,Class_0/class_0_02645.jpg,0,No Oil Spill
class_0_03322.jpg,Class_0/class_0_03322.jpg,0,No Oil Spill
class_0_01337.jpg,Class_0/class_0_01337.jpg,0,No Oil Spill
class_0_01958.jpg,Class_0/class_0_01958.jpg,0,No Oil Spill
class_1_00713.jpg,Class_1/class_1_00713.jpg,1,Oil Spill
class_0_00014.jpg,Class_0/class_0_00014.jpg,0,No Oil Spill
class_0_00699.jpg,Class_0/class_0_00699.jpg,0,No Oil Spill
class_0_00888.jpg,Class_0/class_0_00888.jpg,0,No Oil Spill
class_0_00528.jpg,Class_0/class_0_00528.jpg,0,No Oil Spill
class_0_01388.jpg,Class_0/class_0_01388.jpg,0,No Oil Spill
class_0_02297.jpg,Class_0/class_0_02297.jpg,0,No Oil Spill
class_0_01592.jpg,Class_0/class_0_01592.jpg,0,No Oil Spill
class_0_01191.jpg,Class_0/class_0_01191.jpg,0,No Oil Spill
class_0_00812.jpg,Class_0/class_0_00812.jpg,0,No Oil Spill
class_1_00468.jpg,Class_1/class_1_00468.jpg,1,Oil Spill
class_1_01405.jpg,Class_1/class_1_01405.jpg,1,Oil Spill
class_0_01146.jpg,Class_0/class_0_01146.jpg,0,No Oil Spill
class_0_01666.jpg,Class_0/class_0_01666.jpg,0,No Oil Spill
class_0_00098.jpg,Class_0/class_0_00098.jpg,0,No Oil Spill
class_0_01906.jpg,Class_0/class_0_01906.jpg,0,No Oil Spill
class_1_01116.jpg,Class_1/class_1_01116.jpg,1,Oil Spill
class_0_01895.jpg,Class_0/class_0_01895.jpg,0,No Oil Spill
class_0_01474.jpg,Class_0/class_0_01474.jpg,0,No Oil Spill
class_0_02133.jpg,Class_0/class_0_02133.jpg,0,No Oil Spill
class_0_01098.jpg,Class_0/class_0_01098.jpg,0,No Oil Spill
class_0_03251.jpg,Class_0/class_0_03251.jpg,0,No Oil Spill
class_1_00328.jpg,Class_1/class_1_00328.jpg,1,Oil Spill
class_0_01282.jpg,Class_0/class_0_01282.jpg,0,No Oil Spill
class_0_02199.jpg,Class_0/class_0_02199.jpg,0,No Oil Spill
class_0_02680.jpg,Class_0/class_0_02680.jpg,0,No Oil Spill
class_0_00479.jpg,Class_0/class_0_00479.jpg,0,No Oil Spill
class_0_02215.jpg,Class_0/class_0_02215.jpg,0,No Oil Spill
class_1_01684.jpg,Class_1/class_1_01684.jpg,1,Oil Spill
class_1_00933.jpg,Class_1/class_1_00933.jpg,1,Oil Spill
class_0_03395.jpg,Class_0/class_0_03395.jpg,0,No Oil Spill
class_0_02912.jpg,Class_0/class_0_02912.jpg,0,No Oil Spill
class_0_02255.jpg,Class_0/class_0_02255.jpg,0,No Oil Spill
class_0_03673.jpg,Class_0/class_0_03673.jpg,0,No Oil Spill
class_0_01763.jpg,Class_0/class_0_01763.jpg,0,No Oil Spill
class_0_02969.jpg,Class_0/class_0_02969.jpg,0,No Oil Spill
class_1_00828.jpg,Class_1/class_1_00828.jpg,1,Oil Spill
class_1_00059.jpg,Class_1/class_1_00059.jpg,1,Oil Spill
class_0_01517.jpg,Class_0/class_0_01517.jpg,0,No Oil Spill
class_1_00360.jpg,Class_1/class_1_00360.jpg,1,Oil Spill
class_0_01331.jpg,Class_0/class_0_01331.jpg,0,No Oil Spill
class_0_02750.jpg,Class_0/class_0_02750.jpg,0,No Oil Spill
class_0_03688.jpg,Class_0/class_0_03688.jpg,0,No Oil Spill
class_1_01003.jpg,Class_1/class_1_01003.jpg,1,Oil Spill
class_1_00562.jpg,Class_1/class_1_00562.jpg,1,Oil Spill
class_0_02886.jpg,Class_0/class_0_02886.jpg,0,No Oil Spill
class_0_02230.jpg,Class_0/class_0_02230.jpg,0,No Oil Spill
class_1_00807.jpg,Class_1/class_1_00807.jpg,1,Oil Spill
class_0_02839.jpg,Class_0/class_0_02839.jpg,0,No Oil Spill
class_0_01032.jpg,Class_0/class_0_01032.jpg,0,No Oil Spill
class_1_00415.jpg,Class_1/class_1_00415.jpg,1,Oil Spill
class_1_00856.jpg,Class_1/class_1_00856.jpg,1,Oil Spill
class_0_00252.jpg,Class_0/class_0_00252.jpg,0,No Oil Spill
class_0_02480.jpg,Class_0/class_0_02480.jpg,0,No Oil Spill
class_1_01686.jpg,Class_1/class_1_01686.jpg,1,Oil Spill
class_1_00819.jpg,Class_1/class_1_00819.jpg,1,Oil Spill
class_0_01480.jpg,Class_0/class_0_01480.jpg,0,No Oil Spill
class_0_02153.jpg,Class_0/class_0_02153.jpg,0,No Oil Spill
class_1_00907.jpg,Class_1/class_1_00907.jpg,1,Oil Spill
class_1_01456.jpg,Class_1/class_1_01456.jpg,1,Oil Spill
class_0_01219.jpg,Class_0/class_0_01219.jpg,0,No Oil Spill
class_0_02925.jpg,Class_0/class_0_02925.jpg,0,No Oil Spill
class_0_00181.jpg,Class_0/class_0_00181.jpg,0,No Oil Spill
class_0_03382.jpg,Class_0/class_0_03382.jpg,0,No Oil Spill
class_1_00604.jpg,Class_1/class_1_00604.jpg,1,Oil Spill
class_1_00787.jpg,Class_1/class_1_00787.jpg,1,Oil Spill
class_1_01442.jpg,Class_1/class_1_01442.jpg,1,Oil Spill
class_0_01747.jpg,Class_0/class_0_01747.jpg,0,No Oil Spill
class_0_02037.jpg,Class_0/class_0_02037.jpg,0,No Oil Spill
class_0_01914.jpg,Class_0/class_0_01914.jpg,0,No Oil Spill
class_0_03497.jpg,Class_0/class_0_03497.jpg,0,No Oil Spill
class_0_01581.jpg,Class_0/class_0_01581.jpg,0,No Oil Spill
class_0_01929.jpg,Class_0/class_0_01929.jpg,0,No Oil Spill
class_0_00068.jpg,Class_0/class_0_00068.jpg,0,No Oil Spill
class_0_02128.jpg,Class_0/class_0_02128.jpg,0,No Oil Spill
class_0_03170.jpg,Class_0/class_0_03170.jpg,0,No Oil Spill
class_1_01494.jpg,Class_1/class_1_01494.jpg,1,Oil Spill
class_0_00160.jpg,Class_0/class_0_00160.jpg,0,No Oil Spill
class_0_02537.jpg,Class_0/class_0_02537.jpg,0,No Oil Spill
class_0_02145.jpg,Class_0/class_0_02145.jpg,0,No Oil Spill
class_0_01238.jpg,Class_0/class_0_01238.jpg,0,No Oil Spill
class_0_02998.jpg,Class_0/class_0_02998.jpg,0,No Oil Spill
class_0_00724.jpg,Class_0/class_0_00724.jpg,0,No Oil Spill
class_0_00744.jpg,Class_0/class_0_00744.jpg,0,No Oil Spill
class_0_00795.jpg,Class_0/class_0_00795.jpg,0,No Oil Spill
class_0_03333.jpg,Class_0/class_0_03333.jpg,0,No Oil Spill
class_0_03196.jpg,Class_0/class_0_03196.jpg,0,No Oil Spill
class_0_00054.jpg,Class_0/class_0_00054.jpg,0,No Oil Spill
class_0_03506.jpg,Class_0/class_0_03506.jpg,0,No Oil Spill
class_0_01220.jpg,Class_0/class_0_01220.jpg,0,No Oil Spill
class_0_03526.jpg,Class_0/class_0_03526.jpg,0,No Oil Spill
class_0_01099.jpg,Class_0/class_0_01099.jpg,0,No Oil Spill
class_0_01457.jpg,Class_0/class_0_01457.jpg,0,No Oil Spill
class_1_01518.jpg,Class_1/class_1_01518.jpg,1,Oil Spill
class_0_00764.jpg,Class_0/class_0_00764.jpg,0,No Oil Spill
class_0_01170.jpg,Class_0/class_0_01170.jpg,0,No Oil Spill
class_0_00050.jpg,Class_0/class_0_00050.jpg,0,No Oil Spill
class_0_01900.jpg,Class_0/class_0_01900.jpg,0,No Oil Spill
class_1_00417.jpg,Class_1/class_1_00417.jpg,1,Oil Spill
class_0_03431.jpg,Class_0/class_0_03431.jpg,0,No Oil Spill
class_0_03050.jpg,Class_0/class_0_03050.jpg,0,No Oil Spill
class_0_01772.jpg,Class_0/class_0_01772.jpg,0,No Oil Spill
class_0_02422.jpg,Class_0/class_0_02422.jpg,0,No Oil Spill
class_0_02198.jpg,Class_0/class_0_02198.jpg,0,No Oil Spill
class_0_00553.jpg,Class_0/class_0_00553.jpg,0,No Oil Spill
class_1_00100.jpg,Class_1/class_1_00100.jpg,1,Oil Spill
class_0_01718.jpg,Class_0/class_0_01718.jpg,0,No Oil Spill
class_1_00830.jpg,Class_1/class_1_00830.jpg,1,Oil Spill
class_0_01394.jpg,Class_0/class_0_01394.jpg,0,No Oil Spill
class_0_01349.jpg,Class_0/class_0_01349.jpg,0,No Oil Spill
class_0_00551.jpg,Class_0/class_0_00551.jpg,0,No Oil Spill
class_0_01319.jpg,Class_0/class_0_01319.jpg,0,No Oil Spill
class_0_02804.jpg,Class_0/class_0_02804.jpg,0,No Oil Spill
class_0_03407.jpg,Class_0/class_0_03407.jpg,0,No Oil Spill
class_0_03641.jpg,Class_0/class_0_03641.jpg,0,No Oil Spill
class_1_00934.jpg,Class_1/class_1_00934.jpg,1,Oil Spill
class_0_02025.jpg,Class_0/class_0_02025.jpg,0,No Oil Spill
class_1_00001.jpg,Class_1/class_1_00001.jpg,1,Oil Spill
class_1_01375.jpg,Class_1/class_1_01375.jpg,1,Oil Spill
class_1_01176.jpg,Class_1/class_1_01176.jpg,1,Oil Spill
class_0_00973.jpg,Class_0/class_0_00973.jpg,0,No Oil Spill
class_1_00687.jpg,Class_1/class_1_00687.jpg,1,Oil Spill
class_1_00600.jpg,Class_1/class_1_00600.jpg,1,Oil Spill
class_0_00651.jpg,Class_0/class_0_00651.jpg,0,No Oil Spill
class_0_03299.jpg,Class_0/class_0_03299.jpg,0,No Oil Spill
class_1_00548.jpg,Class_1/class_1_00548.jpg,1,Oil Spill
class_0_01675.jpg,Class_0/class_0_01675.jpg,0,No Oil Spill
class_0_02476.jpg,Class_0/class_0_02476.jpg,0,No Oil Spill
class_0_01567.jpg,Class_0/class_0_01567.jpg,0,No Oil Spill
class_0_00537.jpg,Class_0/class_0_00537.jpg,0,No Oil Spill
class_0_02427.jpg,Class_0/class_0_02427.jpg,0,No Oil Spill
class_0_01009.jpg,Class_0/class_0_01009.jpg,0,No Oil Spill
class_1_01581.jpg,Class_1/class_1_01581.jpg,1,Oil Spill
class_0_03276.jpg,Class_0/class_0_03276.jpg,0,No Oil Spill
class_0_01654.jpg,Class_0/class_0_01654.jpg,0,No Oil Spill
class_0_03136.jpg,Class_0/class_0_03136.jpg,0,No Oil Spill
class_0_02019.jpg,Class_0/class_0_02019.jpg,0,No Oil Spill
class_0_02656.jpg,Class_0/class_0_02656.jpg,0,No Oil Spill
class_1_01668.jpg,Class_1/class_1_01668.jpg,1,Oil Spill
class_0_00465.jpg,Class_0/class_0_00465.jpg,0,No Oil Spill
class_0_00428.jpg,Class_0/class_0_00428.jpg,0,No Oil Spill
class_1_01155.jpg,Class_1/class_1_01155.jpg,1,Oil Spill
class_0_03045.jpg,Class_0/class_0_03045.jpg,0,No Oil Spill
class_1_01435.jpg,Class_1/class_1_01435.jpg,1,Oil Spill
class_0_00746.jpg,Class_0/class_0_00746.jpg,0,No Oil Spill
class_0_01570.jpg,Class_0/class_0_01570.jpg,0,No Oil Spill
class_0_02759.jpg,Class_0/class_0_02759.jpg,0,No Oil Spill
class_1_00927.jpg,Class_1/class_1_00927.jpg,1,Oil Spill
class_0_02984.jpg,Class_0/class_0_02984.jpg,0,No Oil Spill
class_0_01785.jpg,Class_0/class_0_01785.jpg,0,No Oil Spill
class_0_02393.jpg,Class_0/class_0_02393.jpg,0,No Oil Spill
class_0_02915.jpg,Class_0/class_0_02915.jpg,0,No Oil Spill
class_0_03427.jpg,Class_0/class_0_03427.jpg,0,No Oil Spill
class_1_00096.jpg,Class_1/class_1_00096.jpg,1,Oil Spill
class_0_00592.jpg,Class_0/class_0_00592.jpg,0,No Oil Spill
class_0_02339.jpg,Class_0/class_0_02339.jpg,0,No Oil Spill
class_0_00494.jpg,Class_0/class_0_00494.jpg,0,No Oil Spill
class_1_00454.jpg,Class_1/class_1_00454.jpg,1,Oil Spill
class_1_00394.jpg,Class_1/class_1_00394.jpg,1,Oil Spill
class_1_01833.jpg,Class_1/class_1_01833.jpg,1,Oil Spill
class_0_01041.jpg,Class_0/class_0_01041.jpg,0,No Oil Spill
class_0_01239.jpg,Class_0/class_0_01239.jpg,0,No Oil Spill
class_0_01980.jpg,Class_0/class_0_01980.jpg,0,No Oil Spill
class_1_00127.jpg,Class_1/class_1_00127.jpg,1,Oil Spill
class_0_00498.jpg,Class_0/class_0_00498.jpg,0,No Oil Spill
class_0_02664.jpg,Class_0/class_0_02664.jpg,0,No Oil Spill
class_0_03393.jpg,Class_0/class_0_03393.jpg,0,No Oil Spill
class_1_00138.jpg,Class_1/class_1_00138.jpg,1,Oil Spill
class_1_00124.jpg,Class_1/class_1_00124.jpg,1,Oil Spill
class_0_01690.jpg,Class_0/class_0_01690.jpg,0,No Oil Spill
class_1_01231.jpg,Class_1/class_1_01231.jpg,1,Oil Spill
class_0_02608.jpg,Class_0/class_0_02608.jpg,0,No Oil Spill
class_0_03581.jpg,Class_0/class_0_03581.jpg,0,No Oil Spill
class_0_01334.jpg,Class_0/class_0_01334.jpg,0,No Oil Spill
class_1_01059.jpg,Class_1/class_1_01059.jpg,1,Oil Spill
class_0_00415.jpg,Class_0/class_0_00415.jpg,0,No Oil Spill
class_0_00594.jpg,Class_0/class_0_00594.jpg,0,No Oil Spill
class_0_03285.jpg,Class_0/class_0_03285.jpg,0,No Oil Spill
class_1_00837.jpg,Class_1/class_1_00837.jpg,1,Oil Spill
class_0_01671.jpg,Class_0/class_0_01671.jpg,0,No Oil Spill
class_0_01911.jpg,Class_0/class_0_01911.jpg,0,No Oil Spill
class_0_00107.jpg,Class_0/class_0_00107.jpg,0,No Oil Spill
class_0_01572.jpg,Class_0/class_0_01572.jpg,0,No Oil Spill
class_1_00641.jpg,Class_1/class_1_00641.jpg,1,Oil Spill
class_0_02514.jpg,Class_0/class_0_02514.jpg,0,No Oil Spill
class_0_00409.jpg,Class_0/class_0_00409.jpg,0,No Oil Spill
class_0_02593.jpg,Class_0/class_0_02593.jpg,0,No Oil Spill
class_0_01413.jpg,Class_0/class_0_01413.jpg,0,No Oil Spill
class_1_00347.jpg,Class_1/class_1_00347.jpg,1,Oil Spill
class_0_00079.jpg,Class_0/class_0_00079.jpg,0,No Oil Spill
class_0_00538.jpg,Class_0/class_0_00538.jpg,0,No Oil Spill
class_1_00215.jpg,Class_1/class_1_00215.jpg,1,Oil Spill
class_0_01477.jpg,Class_0/class_0_01477.jpg,0,No Oil Spill
class_0_02691.jpg,Class_0/class_0_02691.jpg,0,No Oil Spill
class_0_02588.jpg,Class_0/class_0_02588.jpg,0,No Oil Spill
class_0_01891.jpg,Class_0/class_0_01891.jpg,0,No Oil Spill
class_1_00490.jpg,Class_1/class_1_00490.jpg,1,Oil Spill
class_1_01225.jpg,Class_1/class_1_01225.jpg,1,Oil Spill
class_0_01506.jpg,Class_0/class_0_01506.jpg,0,No Oil Spill
class_0_01965.jpg,Class_0/class_0_01965.jpg,0,No Oil Spill
class_1_01733.jpg,Class_1/class_1_01733.jpg,1,Oil Spill
class_1_00030.jpg,Class_1/class_1_00030.jpg,1,Oil Spill
class_0_00608.jpg,Class_0/class_0_00608.jpg,0,No Oil Spill
class_0_00231.jpg,Class_0/class_0_00231.jpg,0,No Oil Spill
class_0_00202.jpg,Class_0/class_0_00202.jpg,0,No Oil Spill
class_0_03058.jpg,Class_0/class_0_03058.jpg,0,No Oil Spill
class_0_02279.jpg,Class_0/class_0_02279.jpg,0,No Oil Spill
class_0_02157.jpg,Class_0/class_0_02157.jpg,0,No Oil Spill
class_1_00068.jpg,Class_1/class_1_00068.jpg,1,Oil Spill
class_0_02034.jpg,Class_0/class_0_02034.jpg,0,No Oil Spill
class_0_02904.jpg,Class_0/class_0_02904.jpg,0,No Oil Spill
class_0_03007.jpg,Class_0/class_0_03007.jpg,0,No Oil Spill
class_0_01089.jpg,Class_0/class_0_01089.jpg,0,No Oil Spill
class_0_02205.jpg,Class_0/class_0_02205.jpg,0,No Oil Spill
class_0_02709.jpg,Class_0/class_0_02709.jpg,0,No Oil Spill
class_0_02531.jpg,Class_0/class_0_02531.jpg,0,No Oil Spill
class_0_00785.jpg,Class_0/class_0_00785.jpg,0,No Oil Spill
class_0_01231.jpg,Class_0/class_0_01231.jpg,0,No Oil Spill
class_0_03308.jpg,Class_0/class_0_03308.jpg,0,No Oil Spill
class_0_02321.jpg,Class_0/class_0_02321.jpg,0,No Oil Spill
class_1_00678.jpg,Class_1/class_1_00678.jpg,1,Oil Spill
class_0_02623.jpg,Class_0/class_0_02623.jpg,0,No Oil Spill
class_0_02398.jpg,Class_0/class_0_02398.jpg,0,No Oil Spill
class_0_03659.jpg,Class_0/class_0_03659.jpg,0,No Oil Spill
class_0_02363.jpg,Class_0/class_0_02363.jpg,0,No Oil Spill
class_1_01753.jpg,Class_1/class_1_01753.jpg,1,Oil Spill
class_0_00809.jpg,Class_0/class_0_00809.jpg,0,No Oil Spill
class_1_01448.jpg,Class_1/class_1_01448.jpg,1,Oil Spill
class_0_00001.jpg,Class_0/class_0_00001.jpg,0,No Oil Spill
class_1_00956.jpg,Class_1/class_1_00956.jpg,1,Oil Spill
class_0_03173.jpg,Class_0/class_0_03173.jpg,0,No Oil Spill
class_0_02974.jpg,Class_0/class_0_02974.jpg,0,No Oil Spill
class_0_02247.jpg,Class_0/class_0_02247.jpg,0,No Oil Spill
class_0_00259.jpg,Class_0/class_0_00259.jpg,0,No Oil Spill
class_0_00485.jpg,Class_0/class_0_00485.jpg,0,No Oil Spill
class_0_01387.jpg,Class_0/class_0_01387.jpg,0,No Oil Spill
class_0_02761.jpg,Class_0/class_0_02761.jpg,0,No Oil Spill
class_1_01763.jpg,Class_1/class_1_01763.jpg,1,Oil Spill
class_0_00501.jpg,Class_0/class_0_00501.jpg,0,No Oil Spill
class_0_01954.jpg,Class_0/class_0_01954.jpg,0,No Oil Spill
class_0_01013.jpg,Class_0/class_0_01013.jpg,0,No Oil Spill
class_0_02948.jpg,Class_0/class_0_02948.jpg,0,No Oil Spill
class_1_00775.jpg,Class_1/class_1_00775.jpg,1,Oil Spill
class_1_01354.jpg,Class_1/class_1_01354.jpg,1,Oil Spill
class_0_01434.jpg,Class_0/class_0_01434.jpg,0,No Oil Spill
class_0_02584.jpg,Class_0/class_0_02584.jpg,0,No Oil Spill
class_0_01116.jpg,Class_0/class_0_01116.jpg,0,No Oil Spill
class_0_00605.jpg,Class_0/class_0_00605.jpg,0,No Oil Spill
class_0_01571.jpg,Class_0/class_0_01571.jpg,0,No Oil Spill
class_0_00357.jpg,Class_0/class_0_00357.jpg,0,No Oil Spill
class_1_01053.jpg,Class_1/class_1_01053.jpg,1,Oil Spill
class_1_00350.jpg,Class_1/class_1_00350.jpg,1,Oil Spill
class_1_00483.jpg,Class_1/class_1_00483.jpg,1,Oil Spill
class_1_01061.jpg,Class_1/class_1_01061.jpg,1,Oil Spill
class_0_01006.jpg,Class_0/class_0_01006.jpg,0,No Oil Spill
class_1_00676.jpg,Class_1/class_1_00676.jpg,1,Oil Spill
class_0_03562.jpg,Class_0/class_0_03562.jpg,0,No Oil Spill
class_0_01187.jpg,Class_0/class_0_01187.jpg,0,No Oil Spill
class_0_00614.jpg,Class_0/class_0_00614.jpg,0,No Oil Spill
class_0_00838.jpg,Class_0/class_0_00838.jpg,0,No Oil Spill
class_1_00087.jpg,Class_1/class_1_00087.jpg,1,Oil Spill
class_0_02184.jpg,Class_0/class_0_02184.jpg,0,No Oil Spill
class_1_01546.jpg,Class_1/class_1_01546.jpg,1,Oil Spill
class_0_02631.jpg,Class_0/class_0_02631.jpg,0,No Oil Spill
class_1_01746.jpg,Class_1/class_1_01746.jpg,1,Oil Spill
class_1_00597.jpg,Class_1/class_1_00597.jpg,1,Oil Spill
class_1_01181.jpg,Class_1/class_1_01181.jpg,1,Oil Spill
class_0_02107.jpg,Class_0/class_0_02107.jpg,0,No Oil Spill
class_0_02865.jpg,Class_0/class_0_02865.jpg,0,No Oil Spill
class_1_01446.jpg,Class_1/class_1_01446.jpg,1,Oil Spill
class_1_00464.jpg,Class_1/class_1_00464.jpg,1,Oil Spill
class_0_03318.jpg,Class_0/class_0_03318.jpg,0,No Oil Spill
class_1_00444.jpg,Class_1/class_1_00444.jpg,1,Oil Spill
class_0_02468.jpg,Class_0/class_0_02468.jpg,0,No Oil Spill
class_0_00292.jpg,Class_0/class_0_00292.jpg,0,No Oil Spill
class_0_02663.jpg,Class_0/class_0_02663.jpg,0,No Oil Spill
class_0_00967.jpg,Class_0/class_0_00967.jpg,0,No Oil Spill
class_0_02408.jpg,Class_0/class_0_02408.jpg,0,No Oil Spill
class_0_01184.jpg,Class_0/class_0_01184.jpg,0,No Oil Spill
class_0_01076.jpg,Class_0/class_0_01076.jpg,0,No Oil Spill
class_0_00913.jpg,Class_0/class_0_00913.jpg,0,No Oil Spill
class_0_01468.jpg,Class_0/class_0_01468.jpg,0,No Oil Spill
class_0_03184.jpg,Class_0/class_0_03184.jpg,0,No Oil Spill
class_0_03626.jpg,Class_0/class_0_03626.jpg,0,No Oil Spill
class_0_02490.jpg,Class_0/class_0_02490.jpg,0,No Oil Spill
class_1_00164.jpg,Class_1/class_1_00164.jpg,1,Oil Spill
class_1_00126.jpg,Class_1/class_1_00126.jpg,1,Oil Spill
class_1_01712.jpg,Class_1/class_1_01712.jpg,1,Oil Spill
class_0_03521.jpg,Class_0/class_0_03521.jpg,0,No Oil Spill
class_0_03386.jpg,Class_0/class_0_03386.jpg,0,No Oil Spill
class_0_01616.jpg,Class_0/class_0_01616.jpg,0,No Oil Spill
class_1_01199.jpg,Class_1/class_1_01199.jpg,1,Oil Spill
class_1_00430.jpg,Class_1/class_1_00430.jpg,1,Oil Spill
class_1_00914.jpg,Class_1/class_1_00914.jpg,1,Oil Spill
class_0_03017.jpg,Class_0/class_0_03017.jpg,0,No Oil Spill
class_0_03498.jpg,Class_0/class_0_03498.jpg,0,No Oil Spill
class_1_01074.jpg,Class_1/class_1_01074.jpg,1,Oil Spill
class_1_01536.jpg,Class_1/class_1_01536.jpg,1,Oil Spill
class_0_01240.jpg,Class_0/class_0_01240.jpg,0,No Oil Spill
class_0_03546.jpg,Class_0/class_0_03546.jpg,0,No Oil Spill
class_0_03161.jpg,Class_0/class_0_03161.jpg,0,No Oil Spill
class_1_00097.jpg,Class_1/class_1_00097.jpg,1,Oil Spill
class_0_00821.jpg,Class_0/class_0_00821.jpg,0,No Oil Spill
class_0_01514.jpg,Class_0/class_0_01514.jpg,0,No Oil Spill
class_1_00185.jpg,Class_1/class_1_00185.jpg,1,Oil Spill
class_0_03198.jpg,Class_0/class_0_03198.jpg,0,No Oil Spill
class_1_00567.jpg,Class_1/class_1_00567.jpg,1,Oil Spill
class_0_01201.jpg,Class_0/class_0_01201.jpg,0,No Oil Spill
class_0_02676.jpg,Class_0/class_0_02676.jpg,0,No Oil Spill
class_1_00530.jpg,Class_1/class_1_00530.jpg,1,Oil Spill
class_0_01542.jpg,Class_0/class_0_01542.jpg,0,No Oil Spill
class_0_00308.jpg,Class_0/class_0_00308.jpg,0,No Oil Spill
class_0_01979.jpg,Class_0/class_0_01979.jpg,0,No Oil Spill
class_1_00645.jpg,Class_1/class_1_00645.jpg,1,Oil Spill
class_0_01738.jpg,Class_0/class_0_01738.jpg,0,No Oil Spill
class_0_02667.jpg,Class_0/class_0_02667.jpg,0,No Oil Spill
class_1_01275.jpg,Class_1/class_1_01275.jpg,1,Oil Spill
class_0_01560.jpg,Class_0/class_0_01560.jpg,0,No Oil Spill
class_1_01672.jpg,Class_1/class_1_01672.jpg,1,Oil Spill
class_0_01545.jpg,Class_0/class_0_01545.jpg,0,No Oil Spill
class_1_00367.jpg,Class_1/class_1_00367.jpg,1,Oil Spill
class_1_00682.jpg,Class_1/class_1_00682.jpg,1,Oil Spill
class_0_02307.jpg,Class_0/class_0_02307.jpg,0,No Oil Spill
class_1_00957.jpg,Class_1/class_1_00957.jpg,1,Oil Spill
class_0_00484.jpg,Class_0/class_0_00484.jpg,0,No Oil Spill
class_0_00170.jpg,Class_0/class_0_00170.jpg,0,No Oil Spill
class_0_02046.jpg,Class_0/class_0_02046.jpg,0,No Oil Spill
class_0_01986.jpg,Class_0/class_0_01986.jpg,0,No Oil Spill
class_0_01490.jpg,Class_0/class_0_01490.jpg,0,No Oil Spill
class_1_00263.jpg,Class_1/class_1_00263.jpg,1,Oil Spill
class_0_00440.jpg,Class_0/class_0_00440.jpg,0,No Oil Spill
class_0_00013.jpg,Class_0/class_0_00013.jpg,0,No Oil Spill
class_0_01111.jpg,Class_0/class_0_01111.jpg,0,No Oil Spill
class_0_01440.jpg,Class_0/class_0_01440.jpg,0,No Oil Spill
class_0_02004.jpg,Class_0/class_0_02004.jpg,0,No Oil Spill
class_0_00240.jpg,Class_0/class_0_00240.jpg,0,No Oil Spill
class_0_00666.jpg,Class_0/class_0_00666.jpg,0,No Oil Spill
class_0_01416.jpg,Class_0/class_0_01416.jpg,0,No Oil Spill
class_0_00569.jpg,Class_0/class_0_00569.jpg,0,No Oil Spill
class_0_00444.jpg,Class_0/class_0_00444.jpg,0,No Oil Spill
class_0_02589.jpg,Class_0/class_0_02589.jpg,0,No Oil Spill
class_0_03052.jpg,Class_0/class_0_03052.jpg,0,No Oil Spill
class_0_02179.jpg,Class_0/class_0_02179.jpg,0,No Oil Spill
class_0_02147.jpg,Class_0/class_0_02147.jpg,0,No Oil Spill
class_0_00272.jpg,Class_0/class_0_00272.jpg,0,No Oil Spill
class_0_01507.jpg,Class_0/class_0_01507.jpg,0,No Oil Spill
class_1_00955.jpg,Class_1/class_1_00955.jpg,1,Oil Spill
class_0_02797.jpg,Class_0/class_0_02797.jpg,0,No Oil Spill
class_0_01207.jpg,Class_0/class_0_01207.jpg,0,No Oil Spill
class_0_01358.jpg,Class_0/class_0_01358.jpg,0,No Oil Spill
class_1_00960.jpg,Class_1/class_1_00960.jpg,1,Oil Spill
class_1_01554.jpg,Class_1/class_1_01554.jpg,1,Oil Spill
class_0_01527.jpg,Class_0/class_0_01527.jpg,0,No Oil Spill
class_0_00379.jpg,Class_0/class_0_00379.jpg,0,No Oil Spill
class_1_00867.jpg,Class_1/class_1_00867.jpg,1,Oil Spill
class_0_03133.jpg,Class_0/class_0_03133.jpg,0,No Oil Spill
class_1_00959.jpg,Class_1/class_1_00959.jpg,1,Oil Spill
class_1_01324.jpg,Class_1/class_1_01324.jpg,1,Oil Spill
class_0_01129.jpg,Class_0/class_0_01129.jpg,0,No Oil Spill
class_1_01161.jpg,Class_1/class_1_01161.jpg,1,Oil Spill
class_0_00803.jpg,Class_0/class_0_00803.jpg,0,No Oil Spill
class_1_01040.jpg,Class_1/class_1_01040.jpg,1,Oil Spill
class_0_00931.jpg,Class_0/class_0_00931.jpg,0,No Oil Spill
class_1_00727.jpg,Class_1/class_1_00727.jpg,1,Oil Spill
class_0_02234.jpg,Class_0/class_0_02234.jpg,0,No Oil Spill
class_0_01973.jpg,Class_0/class_0_01973.jpg,0,No Oil Spill
class_1_00912.jpg,Class_1/class_1_00912.jpg,1,Oil Spill
class_0_01999.jpg,Class_0/class_0_01999.jpg,0,No Oil Spill
class_0_01323.jpg,Class_0/class_0_01323.jpg,0,No Oil Spill
class_0_00282.jpg,Class_0/class_0_00282.jpg,0,No Oil Spill
class_0_00434.jpg,Class_0/class_0_00434.jpg,0,No Oil Spill
class_0_01406.jpg,Class_0/class_0_01406.jpg,0,No Oil Spill
class_1_00298.jpg,Class_1/class_1_00298.jpg,1,Oil Spill
class_1_01843.jpg,Class_1/class_1_01843.jpg,1,Oil Spill
class_1_00988.jpg,Class_1/class_1_00988.jpg,1,Oil Spill
class_0_00755.jpg,Class_0/class_0_00755.jpg,0,No Oil Spill
class_0_01125.jpg,Class_0/class_0_01125.jpg,0,No Oil Spill
class_1_00901.jpg,Class_1/class_1_00901.jpg,1,Oil Spill
class_0_03608.jpg,Class_0/class_0_03608.jpg,0,No Oil Spill
class_1_01622.jpg,Class_1/class_1_01622.jpg,1,Oil Spill
class_1_00487.jpg,Class_1/class_1_00487.jpg,1,Oil Spill
class_0_02256.jpg,Class_0/class_0_02256.jpg,0,No Oil Spill
class_0_00313.jpg,Class_0/class_0_00313.jpg,0,No Oil Spill
class_0_03151.jpg,Class_0/class_0_03151.jpg,0,No Oil Spill
class_1_01129.jpg,Class_1/class_1_01129.jpg,1,Oil Spill
class_0_00956.jpg,Class_0/class_0_00956.jpg,0,No Oil Spill
class_0_03100.jpg,Class_0/class_0_03100.jpg,0,No Oil Spill
class_0_03292.jpg,Class_0/class_0_03292.jpg,0,No Oil Spill
class_0_01611.jpg,Class_0/class_0_01611.jpg,0,No Oil Spill
class_0_01094.jpg,Class_0/class_0_01094.jpg,0,No Oil Spill
class_1_00748.jpg,Class_1/class_1_00748.jpg,1,Oil Spill
class_1_00309.jpg,Class_1/class_1_00309.jpg,1,Oil Spill
class_0_02899.jpg,Class_0/class_0_02899.jpg,0,No Oil Spill
class_0_01082.jpg,Class_0/class_0_01082.jpg,0,No Oil Spill
class_0_03118.jpg,Class_0/class_0_03118.jpg,0,No Oil Spill
class_1_01544.jpg,Class_1/class_1_01544.jpg,1,Oil Spill
class_0_00664.jpg,Class_0/class_0_00664.jpg,0,No Oil Spill
class_0_00471.jpg,Class_0/class_0_00471.jpg,0,No Oil Spill
class_0_03535.jpg,Class_0/class_0_03535.jpg,0,No Oil Spill
class_0_01288.jpg,Class_0/class_0_01288.jpg,0,No Oil Spill
class_0_00943.jpg,Class_0/class_0_00943.jpg,0,No Oil Spill
class_0_02141.jpg,Class_0/class_0_02141.jpg,0,No Oil Spill
class_0_03371.jpg,Class_0/class_0_03371.jpg,0,No Oil Spill
class_0_02475.jpg,Class_0/class_0_02475.jpg,0,No Oil Spill
class_1_01623.jpg,Class_1/class_1_01623.jpg,1,Oil Spill
class_0_02405.jpg,Class_0/class_0_02405.jpg,0,No Oil Spill
class_0_00458.jpg,Class_0/class_0_00458.jpg,0,No Oil Spill
class_0_03671.jpg,Class_0/class_0_03671.jpg,0,No Oil Spill
class_1_00445.jpg,Class_1/class_1_00445.jpg,1,Oil Spill
class_0_03338.jpg,Class_0/class_0_03338.jpg,0,No Oil Spill
class_0_02824.jpg,Class_0/class_0_02824.jpg,0,No Oil Spill
class_0_00527.jpg,Class_0/class_0_00527.jpg,0,No Oil Spill
class_0_01975.jpg,Class_0/class_0_01975.jpg,0,No Oil Spill
class_1_00589.jpg,Class_1/class_1_00589.jpg,1,Oil Spill
class_0_02618.jpg,Class_0/class_0_02618.jpg,0,No Oil Spill
class_0_00794.jpg,Class_0/class_0_00794.jpg,0,No Oil Spill
class_0_02796.jpg,Class_0/class_0_02796.jpg,0,No Oil Spill
class_0_02696.jpg,Class_0/class_0_02696.jpg,0,No Oil Spill
class_0_02758.jpg,Class_0/class_0_02758.jpg,0,No Oil Spill
class_0_00106.jpg,Class_0/class_0_00106.jpg,0,No Oil Spill
class_0_00280.jpg,Class_0/class_0_00280.jpg,0,No Oil Spill
class_0_02294.jpg,Class_0/class_0_02294.jpg,0,No Oil Spill
class_0_01809.jpg,Class_0/class_0_01809.jpg,0,No Oil Spill
class_1_00928.jpg,Class_1/class_1_00928.jpg,1,Oil Spill
class_1_00241.jpg,Class_1/class_1_00241.jpg,1,Oil Spill
class_0_00979.jpg,Class_0/class_0_00979.jpg,0,No Oil Spill
class_1_00009.jpg,Class_1/class_1_00009.jpg,1,Oil Spill
class_0_01925.jpg,Class_0/class_0_01925.jpg,0,No Oil Spill
class_1_00514.jpg,Class_1/class_1_00514.jpg,1,Oil Spill
class_1_00526.jpg,Class_1/class_1_00526.jpg,1,Oil Spill
class_0_01402.jpg,Class_0/class_0_01402.jpg,0,No Oil Spill
class_0_02023.jpg,Class_0/class_0_02023.jpg,0,No Oil Spill
class_0_00576.jpg,Class_0/class_0_00576.jpg,0,No Oil Spill
class_1_00196.jpg,Class_1/class_1_00196.jpg,1,Oil Spill
class_1_00172.jpg,Class_1/class_1_00172.jpg,1,Oil Spill
class_0_03529.jpg,Class_0/class_0_03529.jpg,0,No Oil Spill
class_0_02266.jpg,Class_0/class_0_02266.jpg,0,No Oil Spill
class_1_01491.jpg,Class_1/class_1_01491.jpg,1,Oil Spill
class_0_02082.jpg,Class_0/class_0_02082.jpg,0,No Oil Spill
class_1_00723.jpg,Class_1/class_1_00723.jpg,1,Oil Spill
class_0_01810.jpg,Class_0/class_0_01810.jpg,0,No Oil Spill
class_0_02465.jpg,Class_0/class_0_02465.jpg,0,No Oil Spill
class_0_01735.jpg,Class_0/class_0_01735.jpg,0,No Oil Spill
class_0_03332.jpg,Class_0/class_0_03332.jpg,0,No Oil Spill
class_0_02610.jpg,Class_0/class_0_02610.jpg,0,No Oil Spill
class_1_00220.jpg,Class_1/class_1_00220.jpg,1,Oil Spill
class_0_02771.jpg,Class_0/class_0_02771.jpg,0,No Oil Spill
class_1_01592.jpg,Class_1/class_1_01592.jpg,1,Oil Spill
class_1_00712.jpg,Class_1/class_1_00712.jpg,1,Oil Spill
class_0_01311.jpg,Class_0/class_0_01311.jpg,0,No Oil Spill
class_0_02734.jpg,Class_0/class_0_02734.jpg,0,No Oil Spill
class_1_01618.jpg,Class_1/class_1_01618.jpg,1,Oil Spill
class_0_02789.jpg,Class_0/class_0_02789.jpg,0,No Oil Spill
class_0_02424.jpg,Class_0/class_0_02424.jpg,0,No Oil Spill
class_0_00656.jpg,Class_0/class_0_00656.jpg,0,No Oil Spill
class_0_00856.jpg,Class_0/class_0_00856.jpg,0,No Oil Spill
class_1_01372.jpg,Class_1/class_1_01372.jpg,1,Oil Spill
class_0_03630.jpg,Class_0/class_0_03630.jpg,0,No Oil Spill
class_0_00219.jpg,Class_0/class_0_00219.jpg,0,No Oil Spill
class_0_00217.jpg,Class_0/class_0_00217.jpg,0,No Oil Spill
class_0_00199.jpg,Class_0/class_0_00199.jpg,0,No Oil Spill
class_1_00429.jpg,Class_1/class_1_00429.jpg,1,Oil Spill
class_1_00024.jpg,Class_1/class_1_00024.jpg,1,Oil Spill
class_0_03030.jpg,Class_0/class_0_03030.jpg,0,No Oil Spill
class_0_00880.jpg,Class_0/class_0_00880.jpg,0,No Oil Spill
class_0_02730.jpg,Class_0/class_0_02730.jpg,0,No Oil Spill
class_0_00985.jpg,Class_0/class_0_00985.jpg,0,No Oil Spill
class_1_00806.jpg,Class_1/class_1_00806.jpg,1,Oil Spill
class_0_00111.jpg,Class_0/class_0_00111.jpg,0,No Oil Spill
class_1_01734.jpg,Class_1/class_1_01734.jpg,1,Oil Spill
class_1_01010.jpg,Class_1/class_1_01010.jpg,1,Oil Spill
class_1_00760.jpg,Class_1/class_1_00760.jpg,1,Oil Spill
class_0_02329.jpg,Class_0/class_0_02329.jpg,0,No Oil Spill
class_1_00545.jpg,Class_1/class_1_00545.jpg,1,Oil Spill
class_0_03106.jpg,Class_0/class_0_03106.jpg,0,No Oil Spill
class_0_00541.jpg,Class_0/class_0_00541.jpg,0,No Oil Spill
class_0_03271.jpg,Class_0/class_0_03271.jpg,0,No Oil Spill
class_0_00171.jpg,Class_0/class_0_00171.jpg,0,No Oil Spill
class_0_02280.jpg,Class_0/class_0_02280.jpg,0,No Oil Spill
class_0_02876.jpg,Class_0/class_0_02876.jpg,0,No Oil Spill
class_1_00780.jpg,Class_1/class_1_00780.jpg,1,Oil Spill
class_1_00386.jpg,Class_1/class_1_00386.jpg,1,Oil Spill
class_0_03556.jpg,Class_0/class_0_03556.jpg,0,No Oil Spill
class_0_02322.jpg,Class_0/class_0_02322.jpg,0,No Oil Spill
class_0_03572.jpg,Class_0/class_0_03572.jpg,0,No Oil Spill
class_1_01466.jpg,Class_1/class_1_01466.jpg,1,Oil Spill
class_0_03553.jpg,Class_0/class_0_03553.jpg,0,No Oil Spill
class_0_02700.jpg,Class_0/class_0_02700.jpg,0,No Oil Spill
class_0_01947.jpg,Class_0/class_0_01947.jpg,0,No Oil Spill
class_1_01505.jpg,Class_1/class_1_01505.jpg,1,Oil Spill
class_0_00974.jpg,Class_0/class_0_00974.jpg,0,No Oil Spill
class_0_01745.jpg,Class_0/class_0_01745.jpg,0,No Oil Spill
class_1_01336.jpg,Class_1/class_1_01336.jpg,1,Oil Spill
class_1_01159.jpg,Class_1/class_1_01159.jpg,1,Oil Spill
class_0_02365.jpg,Class_0/class_0_02365.jpg,0,No Oil Spill
class_1_01515.jpg,Class_1/class_1_01515.jpg,1,Oil Spill
class_1_01283.jpg,Class_1/class_1_01283.jpg,1,Oil Spill
class_0_02238.jpg,Class_0/class_0_02238.jpg,0,No Oil Spill
class_0_02224.jpg,Class_0/class_0_02224.jpg,0,No Oil Spill
class_0_02482.jpg,Class_0/class_0_02482.jpg,0,No Oil Spill
class_0_00319.jpg,Class_0/class_0_00319.jpg,0,No Oil Spill
class_0_02212.jpg,Class_0/class_0_02212.jpg,0,No Oil Spill
class_1_01371.jpg,Class_1/class_1_01371.jpg,1,Oil Spill
class_0_01618.jpg,Class_0/class_0_01618.jpg,0,No Oil Spill
class_1_00256.jpg,Class_1/class_1_00256.jpg,1,Oil Spill
class_1_01019.jpg,Class_1/class_1_01019.jpg,1,Oil Spill
class_1_01437.jpg,Class_1/class_1_01437.jpg,1,Oil Spill
class_0_00118.jpg,Class_0/class_0_00118.jpg,0,No Oil Spill
class_0_00284.jpg,Class_0/class_0_00284.jpg,0,No Oil Spill
class_1_00777.jpg,Class_1/class_1_00777.jpg,1,Oil Spill
class_1_01299.jpg,Class_1/class_1_01299.jpg,1,Oil Spill
class_0_01935.jpg,Class_0/class_0_01935.jpg,0,No Oil Spill
class_0_00095.jpg,Class_0/class_0_00095.jpg,0,No Oil Spill
class_0_00561.jpg,Class_0/class_0_00561.jpg,0,No Oil Spill
class_0_01084.jpg,Class_0/class_0_01084.jpg,0,No Oil Spill
class_1_00761.jpg,Class_1/class_1_00761.jpg,1,Oil Spill
class_0_00917.jpg,Class_0/class_0_00917.jpg,0,No Oil Spill
class_0_00946.jpg,Class_0/class_0_00946.jpg,0,No Oil Spill
class_0_02694.jpg,Class_0/class_0_02694.jpg,0,No Oil Spill
class_0_02973.jpg,Class_0/class_0_02973.jpg,0,No Oil Spill
class_0_02550.jpg,Class_0/class_0_02550.jpg,0,No Oil Spill
class_0_00233.jpg,Class_0/class_0_00233.jpg,0,No Oil Spill
class_1_01419.jpg,Class_1/class_1_01419.jpg,1,Oil Spill
class_0_00162.jpg,Class_0/class_0_00162.jpg,0,No Oil Spill
class_0_00451.jpg,Class_0/class_0_00451.jpg,0,No Oil Spill
class_0_03663.jpg,Class_0/class_0_03663.jpg,0,No Oil Spill
class_0_02101.jpg,Class_0/class_0_02101.jpg,0,No Oil Spill
class_1_00717.jpg,Class_1/class_1_00717.jpg,1,Oil Spill
class_0_01298.jpg,Class_0/class_0_01298.jpg,0,No Oil Spill
class_0_00787.jpg,Class_0/class_0_00787.jpg,0,No Oil Spill
class_0_03284.jpg,Class_0/class_0_03284.jpg,0,No Oil Spill
class_1_01573.jpg,Class_1/class_1_01573.jpg,1,Oil Spill
class_1_01667.jpg,Class_1/class_1_01667.jpg,1,Oil Spill
class_0_02364.jpg,Class_0/class_0_02364.jpg,0,No Oil Spill
class_0_02666.jpg,Class_0/class_0_02666.jpg,0,No Oil Spill
class_0_02657.jpg,Class_0/class_0_02657.jpg,0,No Oil Spill
class_0_01668.jpg,Class_0/class_0_01668.jpg,0,No Oil Spill
class_1_00269.jpg,Class_1/class_1_00269.jpg,1,Oil Spill
class_1_00243.jpg,Class_1/class_1_00243.jpg,1,Oil Spill
class_0_02020.jpg,Class_0/class_0_02020.jpg,0,No Oil Spill
class_1_01673.jpg,Class_1/class_1_01673.jpg,1,Oil Spill
class_0_03334.jpg,Class_0/class_0_03334.jpg,0,No Oil Spill
class_0_01950.jpg,Class_0/class_0_01950.jpg,0,No Oil Spill
class_1_00414.jpg,Class_1/class_1_00414.jpg,1,Oil Spill
class_0_00423.jpg,Class_0/class_0_00423.jpg,0,No Oil Spill
class_0_00449.jpg,Class_0/class_0_00449.jpg,0,No Oil Spill
class_0_00529.jpg,Class_0/class_0_00529.jpg,0,No Oil Spill
class_0_00187.jpg,Class_0/class_0_00187.jpg,0,No Oil Spill
class_0_01816.jpg,Class_0/class_0_01816.jpg,0,No Oil Spill
class_0_03437.jpg,Class_0/class_0_03437.jpg,0,No Oil Spill
class_0_00432.jpg,Class_0/class_0_00432.jpg,0,No Oil Spill
class_0_01015.jpg,Class_0/class_0_01015.jpg,0,No Oil Spill
class_0_02428.jpg,Class_0/class_0_02428.jpg,0,No Oil Spill
class_1_01806.jpg,Class_1/class_1_01806.jpg,1,Oil Spill
class_0_03450.jpg,Class_0/class_0_03450.jpg,0,No Oil Spill
class_0_02375.jpg,Class_0/class_0_02375.jpg,0,No Oil Spill
class_0_03350.jpg,Class_0/class_0_03350.jpg,0,No Oil Spill
class_0_02018.jpg,Class_0/class_0_02018.jpg,0,No Oil Spill
class_0_00297.jpg,Class_0/class_0_00297.jpg,0,No Oil Spill
class_0_00155.jpg,Class_0/class_0_00155.jpg,0,No Oil Spill
class_0_00486.jpg,Class_0/class_0_00486.jpg,0,No Oil Spill
class_0_00689.jpg,Class_0/class_0_00689.jpg,0,No Oil Spill
class_0_01855.jpg,Class_0/class_0_01855.jpg,0,No Oil Spill
class_1_01461.jpg,Class_1/class_1_01461.jpg,1,Oil Spill
class_0_03270.jpg,Class_0/class_0_03270.jpg,0,No Oil Spill
class_0_01793.jpg,Class_0/class_0_01793.jpg,0,No Oil Spill
class_0_01183.jpg,Class_0/class_0_01183.jpg,0,No Oil Spill
class_0_03302.jpg,Class_0/class_0_03302.jpg,0,No Oil Spill
class_1_01594.jpg,Class_1/class_1_01594.jpg,1,Oil Spill
class_0_00099.jpg,Class_0/class_0_00099.jpg,0,No Oil Spill
class_0_02486.jpg,Class_0/class_0_02486.jpg,0,No Oil Spill
class_1_01821.jpg,Class_1/class_1_01821.jpg,1,Oil Spill
class_0_03232.jpg,Class_0/class_0_03232.jpg,0,No Oil Spill
class_1_00481.jpg,Class_1/class_1_00481.jpg,1,Oil Spill
class_0_01678.jpg,Class_0/class_0_01678.jpg,0,No Oil Spill
class_1_01450.jpg,Class_1/class_1_01450.jpg,1,Oil Spill
class_0_00883.jpg,Class_0/class_0_00883.jpg,0,No Oil Spill
class_1_00978.jpg,Class_1/class_1_00978.jpg,1,Oil Spill
class_0_02874.jpg,Class_0/class_0_02874.jpg,0,No Oil Spill
class_0_00087.jpg,Class_0/class_0_00087.jpg,0,No Oil Spill
class_0_00970.jpg,Class_0/class_0_00970.jpg,0,No Oil Spill
class_0_01383.jpg,Class_0/class_0_01383.jpg,0,No Oil Spill
class_0_01389.jpg,Class_0/class_0_01389.jpg,0,No Oil Spill
class_0_00932.jpg,Class_0/class_0_00932.jpg,0,No Oil Spill
class_1_00022.jpg,Class_1/class_1_00022.jpg,1,Oil Spill
class_0_00433.jpg,Class_0/class_0_00433.jpg,0,No Oil Spill
class_0_03155.jpg,Class_0/class_0_03155.jpg,0,No Oil Spill
class_1_00250.jpg,Class_1/class_1_00250.jpg,1,Oil Spill
class_0_01885.jpg,Class_0/class_0_01885.jpg,0,No Oil Spill
class_0_00704.jpg,Class_0/class_0_00704.jpg,0,No Oil Spill
class_0_02325.jpg,Class_0/class_0_02325.jpg,0,No Oil Spill
class_1_00492.jpg,Class_1/class_1_00492.jpg,1,Oil Spill
class_0_00302.jpg,Class_0/class_0_00302.jpg,0,No Oil Spill
class_0_01700.jpg,Class_0/class_0_01700.jpg,0,No Oil Spill
class_0_01280.jpg,Class_0/class_0_01280.jpg,0,No Oil Spill
class_1_00141.jpg,Class_1/class_1_00141.jpg,1,Oil Spill
class_0_02495.jpg,Class_0/class_0_02495.jpg,0,No Oil Spill
